buyerName,lenderName,saleValue,isCorporate,loanAmount
KOLANGI CONSTRUCTION LLC,CONVENTUS LLC,1300000,True,1415000
OCEAN DEVELOPMENT INC,FORGE TRUST CO,550000,True,500000
CHIMAY ENTERPRISES LLC,GENESIS CAPITAL LLC,610000,True,755593
SAWTELLE309 LLC,FIRST GENERAL BANK,1895000,True,995000
GALAXY INVESTMENT PARTNERS FUND LLC,BANK OF AMERICA NA,5021500,True,2000000
MR REHAB INC,LEGACY LENDING LLC,1050000,True,1209175
WRT INVESTMENTS INC,ANCHOR LOANS LP,565000,True,583500
BARRINGTON VISION LLC,JPMORGAN CHASE BANK NA,2000000,True,1450000
CALDEV LLC,GENESIS CAPITAL LLC,1600000,True,1650000
AHAVA PROPERTIES LLC,KIAVI FUNDING INC,800000,True,810300
PAN PARTNERSHIP INC,VELOCITY COMMERCIAL CAP LLC,489000,True,866100
RAPID RENO INVESTMENTS LLC,KIAVI FUNDING INC,1000000,True,1049900
CHIMAY ENTERPRISES LLC,GENESIS CAPITAL LLC,710000,True,568000
3132 HELMS LLC,US BANK NATIONAL ASSOCIATION,1500000,True,1125000
CSP ENTERPRISE LLC,ORCHARD FUNDING,400000,True,427500
SPC LA RENTAL 4 LLC,CONVENTUS LLC,1100000,True,975000
CRESPO HOLDINGS CO LLC,ORCHARD FUNDING,550000,True,576000
AMERICAN BRIDGE LLC,AMERICAN CONTINENTAL BANK,2600000,True,1200000
2760 HARCOURT LLC,HEAD WEST HOLDINGS,1450000,True,750000
BRADLEY GROUP DEVELOPMENTS LLC,LONE OAK FUND LLC,1900000,True,1140000
ALPHA AND OMEGA HOLDINGS LLC,NEW HAVEN NEVADA ENTERPRISES L,895000,True,876500
GRAND FALCON INVESTMENT LLC,NIEGSCH MICHAEL,8250000,True,7250000
PERSEPOLIS PARNERS LLC,VISTA POINT MORTGAGE LLC,1108500,True,886666
PERSEPOLIS PARTNERS LLC,VISTA POINT MORTGAGE LLC,1108500,True,886666
PERSEPOLIS PARTNERS LLC,VISTA POINT MORTGAGE LLC,1108500,True,886666
4045 BRUNSWICK AVENUE LLC,AMP INVESTMENT TRUST,1020000,True,850000
ORANGEDALE LLC,JOSEPH F RUVOLO PROFIT SHARING,1560000,True,936000
BZMMISHI FAMILY PROPERTIES LLC,MORGAN STANLEY PVT BANK NA,2700000,True,1890000
TRIPLE DIAMOND REALTY,HORIZON TRUST COMPANY,625000,True,400000
STUDS CONSTRUCTION LLC,GENESIS CAPITAL LLC,375000,True,337500
MDNI 12461 LOUISE LLC,GENESIS CAPITAL LLC,4200000,True,14705000
AM MUIRFIELD LLC,CITIBANK NA,11100000,True,6500000
PAN PARTNERSHIP INC,VELOCITY COMMERCIAL CAP LLC,440000,True,822000
DS & CO INC,1ST AMERICAN TITLE INSURANCE C,489000,True,524600
MS83 INVESTMENTS LLC,GENESIS CAPITAL LLC,490000,True,441000
TULE RIVER HOMEBUYER EARNED EQUITY AGENCY,GENWAY HOME MORTGAGE INC,680000,True,667683
EAST GATE VENTURES LLC,USC 10690 SOMMA LLC,17200000,True,11000000
GIP PROPERTY 105 LLC,COREVEST AMERICAN FIN LNDR LLC,905000,True,701250
R & B DEVELOPMENT GROUP LLC,GENESIS CAPITAL LLC,2213000,True,2914500
WALGROVE FRUITS LLC,CLEAREDGE LENDING LLC,1225000,True,918750
S & A SOLUTIONS LLC,CENTER STREET LNDG VIII SPE LL,900000,True,855000
SLA SEVEN PROPERTIES LLC,1ST AMERICAN TITLE INSURANCE C,845000,True,550000
MCCLUNG4 LLC,CITADEL SERVICING CORPORATION,850000,True,637500
SETHI INVESTMENT GROUP LLC,KIAVI FUNDING INC,830000,True,1012400
NASHTA CONSTRUCTION INC,KIAVI FUNDING INC,825000,True,951200
ZOLARA LIMITED INC,MODIANO HAIM,320000,True,372000
3J ST THERESA 25 LLC,ORCHARD FUNDING,3000000,True,2550000
SETOS DEL SOL LLC,BANK OF AMERICA NA,1438000,True,1294056
OME DEZIN LLC,SPREO CAPITAL MANAGER LLC,3000000,True,2999000
ALDAMA AQUISITIONS LLC,HJ VENTURES LLC,1700000,True,1360000
LUNA FLIP LLC,YOULAND INC,640000,True,694775
HS DWELLINGS & DESIGN LLC,UNITED WHOLESALE MORTGAGE LLC,1600000,True,600000
JA INTERNATIONAL INVESTMENTS,KIAVI FUNDING INC,1125000,True,1151600
MS83 INVESTMENTS LLC,ASCENT DEVELOPER SOLUTIONS LLC,420000,True,424000
RADICAL ENTERPRISES INC,GLADIEUX KEITH,427000,True,300000
2 INFINITY GROUP LLC,KIAVI FUNDING INC,575000,True,675000
DUKE PARTNERS II LLC,KIAVI FUNDING INC,1400000,True,1442500
CASA GLENALBYN LLC,KIAVI FUNDING INC,1100000,True,1378600
1004 BUNDY LLC,ANCHOR LOANS LP,3505000,True,4998451
MINISTERIOS EL TABERNACULO CASA DE DIOS INC,TAMI M GRAY BYPASS TRUST,2300000,True,600000
MIDA HOUSEWORKS LLC,CONVENTUS LLC,1000000,True,980000
LJ ENTERPRISE INVESTMENTS,PILLAR INVESTMENTS LLC,500000,True,350000
VILKS LLC,RBI PRIVATE LENDING LLC,4750000,True,2850000
1300 LINDA FLORA LLC,EMPORIUM TPO LLC,3400000,True,2000000
HM HOMES INC,COREVEST AMERICAN FIN LNDR LLC,485000,True,602000
RIATSU REALTY LLC,KIAVI FUNDING INC,810000,True,742500
MARCHANA 9TH ST LLC,FIDELITY NATIONAL TITLE CO,800000,True,4100000
638 WEST HOLLYWOOD LLC,ARIXA INSTITUTIONAL LNDG PTRS,1800000,True,2800000
AGILE TRANSFORMATION GROUP LLC,KIAVI FUNDING INC,585000,True,637400
DARA 1 HOLDINGS LLC,SPREO CAPITAL MANAGER LLC,565000,True,1645000
DARA 1 HOLDINGS LLC,SPREO CAPITAL MANAGER LLC,615000,True,1689000
ZOLARA LIMITED INC,MODIANO HAIM,290000,True,232000
5 STAR DISCOUNT HOMES LLC,ARIXA INSTITUTIONAL LNDG PTRS,525000,True,668000
2755 KELTON OWNER LLC,PRIVATE MONEY LENDERS LLC,1200000,True,1206000
ROYAL CREST SANDS ASSET GROUP LLC,MOLLY O LLC,1060000,True,528000
CHIMAY ENTERPRISES LLC,GENESIS CAPITAL LLC,955000,True,764000
WESTSIDE DEVELOPMENT PROPERTIES LLC,FARAHNIK ELLIOT,525000,True,556000
KENMORE PLACE LLC,CAKE MORTGAGE CORP,1430000,True,1001000
MI CASITA INVESTMENTS LLC,COREVEST AMERICAN FIN LNDR LLC,975000,True,1095010
RED EAGLE INVESTMENTS LLC,RFLF 4 LLC,640000,True,605160
2794 MANDEVILLE CANYON ROAD LLC,MORGAN STANLEY PVT BANK NA,6950000,True,4680000
WI SPRING LLC,AZTEC T D SERVICE CO,710000,True,945000
PINK BANANA LABS LLC,EVERBANK NA,4150000,True,2075000
HOUSEVANTAGE LLC,FIRST CHOICE FUNDING INC,830500,True,910000
OCEAN DEVELOPMENT INC,GLADIEUX KEITH,600000,True,500000
HP MODERN LLC,ANCHOR LOANS LP,2650000,True,2988500
TUKASA INC,DIYA FINANCE LLC,475000,True,435000
MEDMADIX INC,ORCHARD FUNDING,440000,True,483831
SILVERADO TRAIL 750 LAUSANNE INVESTORS LLC,BANK OF AMERICA NA,32000000,True,20000000
MOLYO PROPERTIES LLC,GENESIS CAPITAL LLC,1230000,True,1432050
ROSIE AND BLUE INVESTMENTS LLC,CABRERA LUIS,355000,True,355000
SUMMIT RAY INVESTMENTS LLC,KI AND MARY LEE JOINT LIVING T,895000,True,607000
WRT INVESTMENTS INC,ANCHOR LOANS LP,416000,True,574400
ALFA 27 LLC,GENESIS CAPITAL LLC,893500,True,1173000
VAN LA LLC,LOAN FUNDER LLC,1232500,True,1387500
FAIR HOME BUYERS LLC,GENESIS CAPITAL LLC,1255000,True,1637300
TGM VENTURE PARTNERS LP,KIAVI FUNDING INC,870000,True,930600
CALEMM INVESTMENTS LLC,LOAN FUNDER LLC,619000,True,649200
ELATA INVESTMENTS LLC,VONTIVE INC,640000,True,512000
ADEA LLC,COREVEST AMERICAN FIN LNDR LLC,1650000,True,2609105
HARD HAT BUILDERS,OCEAN VISTA INVESTMENTS LLC,800000,True,680000
1818 CANYON VIEW LLC,EMPORIUM TPO LLC,4700000,True,1600000
432 BONHILL RD LLC,ARCHWEST FUNDING LLC,2905000,True,5736500
1272 QUEEN ANNE PLACE LLC,FRANKS FAMILY DECLARATION OF T,735000,True,550000
RUTHELEN PROPERTY PROJECT LLC,RAYMOND JAMES BANK,1275000,True,825000
BCGK MANAGEMENT LLC,ARCHWEST FUNDING LLC,1025000,True,1035045
3927 EDENHURST LLC,RWA CREDIT SPV I LLC,1238000,True,1558935
BH WATERLOO II LLC,CV3 FINANCIAL SERVICES LLC,1052000,True,1224026
2508 CASTLE HEIGHTS AVENUE LLC,ARIXA ENHANCED INCOME FUND LP,1900000,True,2925000
212 AVE 49 LLC,HERZER FINANCIAL MORTGAGE REIT,655000,True,1220000
777 CAPITAL LLC,YANG YI,1570000,True,1170000
EIGHTY8 KEYS LLC,TEMPLE VIEW CAPITAL FUNDING LP,680000,True,693735
STRUCTURED ASSETS LLC,ANCHOR LOANS LP,600000,True,540000
LJ ENTERPRISE INVESTMENTS,KIAVI FUNDING INC,385000,True,435700
START REMODELING LLC,HILASKI FAMILY TRUST,495000,True,328943
CSF INVESTMENTS LLC,ORCHARD FUNDING,575000,True,622800
SILHOUETTE GROUP LLC,COMMERCIAL BANK OF CALIFORNIA,2025000,True,1215000
ONYX REAL ESTATE HOLDINGS LLC,ANCHOR LOANS LP,1025000,True,1303006
ROCCA PROPERTY LLC,CITY NATIONAL BANK,4935000,True,3000000
POINTVIEW PROPERTIES LLC,ARV FINANCE INC,1549000,True,1644100
BYE BYE HOUSE INC,CENTER STREET LNDG VIII SPE LL,1475000,True,1650000
LA21G LLC,GENESIS CAPITAL LLC,1875000,True,2888608
KIWISOL CORPORATION,KIAVI FUNDING INC,503500,True,702700
LA21G LLC,GENESIS CAPITAL LLC,1900000,True,2919239
161 N SYCAMORE LLC,CITADEL SERVICING CORPORATION,2375000,True,1781250
LAGUARDIA INVESTMENTS INC,OAKTREE FUNDING CORP,630000,True,441000
FA ANUGOM INC,SKIDMORE GLORIA,580000,True,380000
R & G FOOD TRUCKS LLC,LOAN FUNDER LLC,575000,True,431250
AMELUT LIMITED LIABILITY COMPANY,SKURO FAMILY TRUST,3675000,True,2675000
RHERRERA AND THE KIDS LLC,KIAVI FUNDING INC,800000,True,891900
VICTORIA EQUITY 2 LLC,GENESIS CAPITAL LLC,1550000,True,1240000
GIG GROUP LLC,ALLSTATE LENDING GROUP INC,2191000,True,500000
146 N BERENDO STREET LLC,ISLB TRUST,1275000,True,828750
ORIGINAL GRANDSTAND LLC,GUARDHILL FINANCIAL LLC,2825000,True,2118750
JUST IN TIME 2 LLC,QUANTA FINANCE INC,1342000,True,1349402
2242 RIDGELEY LLC,BARZIVAND FAMILY TRUST,1000000,True,700000
2 INFINITY GROUP LLC,KIAVI FUNDING INC,906000,True,948800
CHIMAY ENTERPRISES LLC,GENESIS CAPITAL LLC,1203500,True,1294693
CHIMAY ENTERPRISES LLC,GENESIS CAPITAL LLC,1203500,True,1294754
CHIMAY ENTERPRISES LLC,GENESIS CAPITAL LLC,1203500,True,1294513
8800 HOLLYWOOD LLC,RAWJEE ADNAN,1620000,True,1620000
ZENSTONE PROPERTIES LLC,KIAVI FUNDING INC,495000,True,524200
ROKALU LLC,KIAVI FUNDING INC,625000,True,611200
CAMKAY INVESTMENTS INC,ANCHOR LOANS LP,775000,True,825000
BRISK COAST LLC,HOMEBRIDGE FIN'L SVC INC,1225000,True,918750
OMARA CORP,KLOTZ FAMILY REVOCABLE TRUST,555000,True,444000
LM DADAM LLC,KIAVI FUNDING INC,1835000,True,1901100
VALENCIA INVESTMENTS LLC,ANCHOR LOANS LP,1135000,True,908000
OCEAN DEVELOPMENT INC,KRALN CO LLC,628500,True,800000
PRESTIGE INVESTMENT RENOVATIONS LLC,LOAN FUNDER LLC,500000,True,720000
MI CASITA INVESTMENTS LLC,KIAVI FUNDING INC,775000,True,914000
BATU HOLDINGS LLC,RONALD PERLSTEIN ENTRUST 00393,380000,True,370000
LA23L LLC,ISLB TRUST,1550000,True,2380000
LA OPTIONS INC,DANCO INC,750000,True,650000
OCEAN DEVELOPMENT INC,NATHAN SUGIMOTO AND CHRISTINE,540000,True,500000
SUMNER 17 LP,PREFERRED BANK,925000,True,10000000
BARYO18 LLC,SPREO CAPITAL MANAGER LLC,660000,True,528000
GIP PROPERTY 104 LLC,COREVEST AMERICAN FIN LNDR LLC,1050000,True,787500
EWA CAPITAL LLC,ANCHOR LOANS LP,1200000,True,1387500
COVIS GROUP INC,KIAVI FUNDING INC,560000,True,630400
OCEAN DEVELOPMENT INC,GLADIEUX KEITH,525000,True,500000
100 SOUTH DOHENY LLC,INSIGNIA CAPITAL CORPORATION,990000,True,735000
GO LOS ANGELES PARTNERSHIP LLC,KIAVI FUNDING INC,628000,True,802100
TUP 3754 HARVARD HOUSING LLC,AMERICAN PLUS BANK N A,3463500,True,2080000
FREETOWN HOLDINGS COMPANY,SOLE AND SEPARATE PROPERTY TRU,775000,True,775000
ADC EQUITIES LLC,LONE OAK FUND LLC,600000,True,360000
1514 KELTON AVENUE LLC,CITY NATIONAL BANK,2000000,True,1300000
DESERT LAKE AT PGA WEST LLC,LENDSURE MORTGAGE CORP,1340000,True,533750
2 INFINITY GROUP LLC,KIAVI FUNDING INC,920000,True,987600
ANDTAL INC,GONZALEZ RUBEN,400000,True,360000
YQUE PROPERTY ENTERPRISES LLC,GENESIS CAPITAL LLC,865000,True,877500
8056 EL MANOR AVE LLC,MICHAEL PINTO LIVING TRUST,2050000,True,840000
WEST COAST KOLLEL,1ST CENTURY BANK NA,2400000,True,1500000
2913 ELM STREET LLC,KIAVI FUNDING INC,1000000,True,1191000
3-WAY INVESTMENTS LLC,KIAVI FUNDING INC,520000,True,542100
CARLTON AT HOLLYWOOD LLC,ROYAL TRUST,1585000,True,880000
ELATA INVESTMENTS LLC,INVESTOR MORTGAGE FINANCE LLC,650000,True,520000
KSLEE INC,MTG RESEARCH LABORATORY INC,1300000,True,910000
6132 82ND HOLDING LLC,HL3 SIERRA LLC,1325000,True,1641400
PROVIDENT INVESTMENTS LLC,TRANSPORT CAPITAL INC,470000,True,375000
1633 STONE CANYON LLC,BMO BANK NA,3875000,True,2500000
TUS CASITAS LLC,QUANTA FINANCE INC,585000,True,606500
7175 WOODROW WILSON LLC,HOUSEMAX FUNDING LLC,1900000,True,2755000
CITRUS 2025 LLC,VISTA POINT MORTGAGE LLC,1135000,True,908000
ZOLARA LIMITED INC,MODIANO HAIM,390000,True,348000
URBAN CITIES DEVELOPMENT INC,ARCHWEST FUNDING LLC,900000,True,1033000
1952 CORNING S2 LLC,MORGAN STANLEY PVT BANK NA,1280000,True,1280000
BEN TIBERT CONSTRUCTION INC,VONTIVE INC,815000,True,909626
KINGDOM BUILDERS PROPERTIES LLC,ARCHWEST FUNDING LLC,550000,True,700402
WOLF HOLDINGS 1 LLC,MACOY CAPITAL MORTGAGE LLC,725000,True,1080000
FALCON ENDEAVORS INC,ANCHOR LOANS LP,2925000,True,3214700
900 S LONGWOOD LLC,ANCHOR LOANS LP,2120000,True,2474953
MASKIL LLC,SPREO CAPITAL MANAGER LLC,1650000,True,2781750
COFFEE AND ALIENS LLC,WELLS FARGO BANK NA,1120000,True,1032200
AJ CAPITAL GROUP LLC,LONE OAK FUND LLC,749500,True,315000
RED DOOR INVESTMENT PROPERTIES CORP,CONVENTUS LLC,1200000,True,960000
TLP 1 LLC,KIAVI FUNDING INC,1420000,True,1343000
FAIR HOME BUYERS LLC,GENESIS CAPITAL LLC,1455000,True,2140000
SW LENDER SERVICES LLC,PUERTO LORETO LLC,906000,True,650000
BYE BYE HOUSE INC,CENTER STREET LNDG VIII SPE LL,2286000,True,2505768
CROWNHAUZ LLC,WEDEKING FAMILY TRUST,405000,True,340000
2022 28TH STREET LLC,SPREO CAPITAL MANAGER LLC,735000,True,1170000
VALOR INDUSTRIES INC,KIAVI FUNDING INC,1135000,True,535000
MF REAL ESTATE INVESTMENT LLC,LEGACY UNITED CAPITAL LLC,1410000,True,2033000
CROWNHAUZ LLC,WEDEKING FAMILY TRUST,435000,True,435000
RADENZA WSE LLC,ANCHOR LOANS LP,1450000,True,2739500
JUNKERS2JEWELS LLC,ORCHARD FUNDING,1150000,True,1247400
SOUTH COAST BUILDERS LLC,EGBGC TRUST,1400000,True,1775209
J WEST COAST CONSTRUCTION LLC,PARK PLACE FINANCE LLC,420000,True,380800
MS83 INVESTMENTS LLC,EGBGC TRUST,460000,True,465000
SUCHALA HOLDINGS LLC,LIFE CHANGERS LENDING LLC,1698000,True,1469998
LUCKYPUP LLC,CONVENTUS LLC,1630000,True,1885500
LOUD LTD,NCL EAGLEPOINT INVESTMENTS LLC,410000,True,330000
BLUESKY REALTY VENTURES LLC,UNITED BUSINESS BANK,3915000,True,2630000
UNPACK & STAY LLC,CITADEL SERVICING CORPORATION,425000,True,294000
PWNE CAP LLC,KENAN C THAYER IRA,650000,True,650000
ADDISON WAY PARTNERS LLC,CONVENTUS LLC,1830000,True,2539000
301 S ROCKINGHAM LLC,ARIXA ENHANCED INCOME FUND LP,12650000,True,10000000
ANNA HOMES LLC,KIAVI FUNDING INC,1011000,True,808800
FIRST MOVEMENT LLC,CV3 FINANCIAL SERVICES LLC,860000,True,910000
MAGBIA LLC,SPREO CAPITAL MANAGER LLC,2026000,True,2999500
STRUCTURED ASSETS LLC,ANCHOR LOANS LP,615000,True,553500
RADICAL ENTERPRISES INC,ASPEN RETIREMENT FUND LLC,510000,True,567500
MANSION FLIP INC,KIAVI FUNDING INC,890000,True,801000
POINTVIEW PROPERTIES LLC,ARV FINANCE INC,1165000,True,1240165
BLASIAN REAL ESTATE LLC,TRILION CAPITAL FUND LLC,760000,True,844000
MS83 INVESTMENTS,WHGG TRUST,420000,True,393750
AGRIPPE INC,LOAN FUNDER LLC,510000,True,444500
UNPACK & STAY LLC,CITADEL SERVICING CORPORATION,423000,True,295925
TABASAM LLC,SPREO CAPITAL MANAGER LLC,1645500,True,1316000
SNYDER REAL ESTATE LLC,PUERTO LORETO LLC,1200000,True,840000
3550 WESTERN LLC,YASHAR HAMID,830000,True,581000
2443 EL SEGUNDO LLC,SPREO CAPITAL MANAGER LLC,465000,True,583750
ROSITA HOLDINGS LLC,CA TD INVESTMENTS INC,1685000,True,1200000
GIBSON HOUSE LLC,GENESIS CAPITAL LLC,1185000,True,1387500
AMI CAPITAL LLC,QUANTA FINANCE INC,1185000,True,1495500
GIP PROPERTY 101 LLC,INFINITY BANK,1275000,True,765000
EQUITY TRACK INC,KIAVI FUNDING INC,1050000,True,1135500
WHITE OAK CA LLC,JPMORGAN CHASE BANK NA,5000000,True,4112000
PAPILLON BLEU 111 LLC,259 WORTH AVENUE HOLDINGS INC,10500000,True,6300000
500 N TIGERTAIL LLC,GENESIS CAPITAL LLC,4475000,True,4782000
MASIS HOLDINGS LLC,ANCHOR LOANS LP,1535000,True,1304750
EAST JUNCTION LLC,KHOSROW & FARIBA MATIAN TRUST,1130000,True,1170000
VISTA PROPERTY LLC,LENDINGONE LLC,1375000,True,1510250
REVIVE & SELL LLC,ORCHARD FUNDING,650000,True,617967
COHEN & KASHANI LLC,ANCHOR LOANS LP,1226000,True,1255838
FLEX INVESTMENTS,ANCHOR LOANS LP,745000,True,900050
HY ASSETS LLC,BLUEBONO LLC,1960000,True,1470000
6751 ARLINGTON AVE LLC,PINNIPED PROPERTIES INC,485000,True,285500
AIT 9000 LLC,JPMORGAN CHASE BANK NA,1846000,True,1107503
HOMEPPORTUNITY INVESTMENTS LLC,INVESTORS CHOICE,459000,True,437000
STRUCTURED ASSETS LLC,ANCHOR LOANS LP,530000,True,477000
GIDEON DEVELOPMENT LLC,BLUEBONO LLC,2300000,True,1864000
TUKASA INC,ANCHOR LOANS LP,548500,True,719900
GOOD NEIGHBOR HOMES LLC,BMO BANK NA,670000,True,569500
HOME INVESTMENTS LOS ANGELES LLC,EASY STREET CAPITAL CA LLC,565000,True,474400
CATERRA PROPERTY 6 LLC,SPREO CAPITAL MANAGER LLC,775000,True,1143000
NEW HAMSTER LLC,MJB TRUST,780000,True,750000
TLP 1 LLC,GENESIS CAPITAL LLC,1690000,True,1644750
CULVER GROUP LLC,WHGG TRUST,1310000,True,1048000
824 RIMPAU LLC,LOAN FUNDER LLC,1650000,True,2361015
ALPHA AND OMEGA HOLDINGS LLC,NEW HAVEN NEVADA ENTERPRISES L,645000,True,580000
3621 MOORE LLC,ARIXA CAPITAL ADVISORS LLC,1849000,True,2760000
SV 3825 EAGLE ROCK LLC,CENTER STREET LNDG VIII SPE LL,1085000,True,975000
HSB REAL ESTATE ACQUISITION LLC,CV3 FINANCIAL SERVICES LLC,890000,True,712000
JUST IN TIME 2 LLC,QUANTA FINANCE INC,994000,True,1021900
FAB INVESTMENTS LLC,ANCHOR LOANS LP,605000,True,637517
SDK INVESTMENT GROUP,CENTER STREET LNDG VIII SPE LL,535000,True,588750
FVR GROUP FIVE LLC,ANCHOR LOANS LP,805000,True,724500
ELIZABETH LLC,TRILION CAPITAL FUND LLC,1090000,True,1191000
BERWICK SJP LLC,JPMORGAN CHASE BANK NA,4700000,True,3760000
9001 BEVERLYWOOD PROPERTIES LLC,EQUITABLE LENDING,2400000,True,1920000
BIG DAWG HOUSES LLC,MICHAEL GRUENBAUM & MARYBETH G,1400000,True,1500000
SOCAL HOME ACQUISITIONS LLC,VONTIVE INC,870000,True,958400
SUNSET REALTY 57 INC,ANCHOR LOANS LP,760000,True,675000
CYRIL FINANCIAL GROUP INC,ORCHARD FUNDING,600000,True,551242
HOLMBY TREEHOUSE LLC,BANK OF AMERICA NA,5149000,True,4119200
MAJESTIC PINE 8652 LLC,HOMEWIDE INC,920000,True,600000
BELCREST HOMES LLC,NCL EAGLEPOINT INVESTMENTS LLC,550000,True,440000
3647 BARRY AVENUE LLC,ARCHWEST FUNDING LLC,1950000,True,2231250
RECR8,CENTER STREET LNDG VIII SPE LL,855000,True,916750
1102 GOOD KARMA LLC,LOAN FUNDER LLC,2048000,True,1713750
RC DEVELOPMENT INC,SIT ENTERPRISES LLC,584772,True,488000
10 MIL INVESTMENTS INC,KIAVI FUNDING INC,500000,True,540000
REMAKE PROPERTIES LLC,KIAVI FUNDING INC,660000,True,635200
SHH HOLDINGS LTD,KIAVI FUNDING INC,630500,True,676600
AHAVA PROPERTIES LLC,KIAVI FUNDING INC,625000,True,562500
B & J CAPITAL GROUP INVESTMENTS,KIAVI FUNDING INC,415000,True,432900
EAGLE DEVELOPMENTS INC,ORCHARD FUNDING,620000,True,682650
DEXTER 1002 MISSION LLC,CATHAY BANK,2347000,True,1385000
FOUNDATION REALTY VENTURES LLC,PLAZA HOME MORTGAGE INC,785000,True,588750
EG DEVELOPMENTS LLC,SYLVESTER PEARSON REVOCABLE TR,1400000,True,746000
GOLDEN ERA 2025 LLC,KIAVI FUNDING INC,775000,True,860725
PKG PROPERTY GROUP LLC,CV3 FINANCIAL SERVICES LLC,1126000,True,1109500
VILLAS REAL ESTATE LLC,OCMBC INC,785000,True,628000
CHIMAY ENTERPRISES LLC,ANCHOR LOANS LP,500000,True,649769
10610 WELLWORTH LLC,HSBC BANK USA NA,3095000,True,2476000
AMI CAPITAL LLC,QUANTA FINANCE INC,775000,True,982500
TRINIDAD WEST COAST INVESTMENTS LLC,NATIONAL LOAN FUNDING LLC,510000,True,433500
MEYER GOLDBERG LLC,BANK OF AMERICA NA,4995000,True,3996000
UNPACK & STAY LLC,ALEX J NORMAN AND MARGARET L N,500000,True,250000
DEL MAR 51 LLC,VERUS RESIDENTIAL LOANCO LLC,800000,True,560000
DEL MAR 51 LLC,VERUS RESIDENTIAL LOANCO LLC,600000,True,420000
KIWISOL CORPORATION INC,ORCHARD FUNDING,603000,True,614641
RRP PHANTOM INVESTMENT GROUP LLC,MARION LAVETTE SMITH REVOCABLE,702000,True,701919
2831 OVERLAND LLC,OCMBC INC,1325000,True,993750
ST DESIGN AND DEVELOPMENT LLC,KIAVI FUNDING INC,799000,True,849200
5 STAR DISCOUNT HOMES LLC,ARIXA ENHANCED INCOME FUND LP,572500,True,1160000
OCEAN DEVELOPMENT INC,COGENT NUTRITION 401K,603000,True,805000
CLEARPOINT INVESTMENT GROUP LLC,IRON BRIDGE MORTGAGE FUND LLC,650000,True,568800
533 S RIMPAU LLC,MORGAN STANLEY PVT BANK NA,9750000,True,6337500
TULE RIVER HOMEBUYER EARNED EQUITY AGENCY,BE IN MORTGAGE,675000,True,662774
INVESTOLOGY LLC,KIAVI FUNDING INC,860000,True,1112200
DAILYHOME INC LLC,KIAVI FUNDING INC,690000,True,631000
FVR GROUP FORTY,QUANTA FINANCE INC,4765909,True,1125006
ASCEND EQUITY HOLDINGS LLC,NATIONAL LOAN FUNDING LLC,850000,True,985500
REDUXN INVESTMENTS LLC,MARSHALL REDDICK MTG FUND LLC,1146000,True,1055000
HOUSE BY CV LLC,TEMPLE VIEW CAPITAL FUNDING LP,752000,True,749616
12017 HERBERT HOLDING LLC,HL3 SIERRA LLC,1232000,True,1587800
AUTHENTIC MODERN LLC,CENTER STREET LNDG VIII SPE LL,850000,True,850500
ARCHWOOD HOLDINGS LLC,JON JULIANO REVOCABLE TRUST,565000,True,565000
WINGATE INVESTMENT GROUP LLC,ORCHARD FUNDING,600000,True,510000
PUTNEY MANAGEMENT LTD,QUANTA FINANCE INC,1050000,True,1243325
209 E 31ST LLC,CL-LM RESI PURCHASER TRUST,1025000,True,1753125
MMJJJL INC,MTG RESEARCH LABORATORY INC,1250000,True,875000
1631 NORTON LLC,LOAN FUNDER LLC,855000,True,1413000
3442 HOLDINGS LLC,KIAVI FUNDING INC,510000,True,459000
PLAZA STUDIO LLC,JPMORGAN CHASE BANK NA,11600000,True,7540000
TULE RIVER HOMEBUYER EARNED EQUITY AGENCY,GENWAY HOME MORTGAGE INC,775000,True,760962
SOUTH COAST BUILDERS LLC,CAKE MORTGAGE CORP,965000,True,675500
CHIMAY ENTERPRISES LLC,ANCHOR LOANS LP,1200000,True,1449000
CHIMAY ENTERPRISES LLC,ANCHOR LOANS LP,1200000,True,1445000
FOUNTAIN MARTEL INVESTMENTS LLC,KIAVI FUNDING INC,3300000,True,1200000
FOUNTAIN MARTEL INVESTMENTS LLC,KIAVI FUNDING INC,3300000,True,1275000
KASH CAPITAL LLC,US BANK NATIONAL ASSOCIATION,11450000,True,5500000
GM BUILDERS AND ASSOCIATES,WATERFALL BRIDGE CAPITAL LLC,5000000,True,6250000
NORMANDIE VIEW LLC,JPMORGAN CHASE BANK NA,10900000,True,8175000
2247 EARL LLC,CENTER STREET LNDG VIII SPE LL,1125000,True,1161142
SAS ENTERPRISE LLC,GENESIS CAPITAL LLC,1615000,True,1800000
SAS ENTERPRISE LLC,GENESIS CAPITAL LLC,1615000,True,1800000
LA21G LLC,GENESIS CAPITAL LLC,2548000,True,3262500
8931 HELMS LLC,LONE OAK FUND LLC,4400000,True,2200000
8931 HELMS LLC,LONE OAK FUND LLC,4400000,True,2200000
1168 ND LLC,JPMORGAN CHASE BANK NA,6650000,True,5000000
LUROX INVESTMENTS INC,PREMIUM FUNDING,660000,True,570000
MS83 INVESTMENTS LLC,WHGG II TRUST,465000,True,444000
MS83 INVESTMENTS LLC,WHGG TRUST,480000,True,454000
MADISON76 LLC,BANK OF AMERICA NA,18475000,True,12000000
NEXT STEP LLC,SADAYUKI YAMATO TRUST,750000,True,700000
LYONZDEN INVESTMENTS,ORCHARD FUNDING,580000,True,605700
LYHO INVESTMENT GROUP LLC,GENESIS CAPITAL LLC,1550000,True,1516300
ASSOCIATES NS LLC,KENNETH E ROSE 1994 TRUST,500000,True,365000
HCVC LLC,KIAVI FUNDING INC,1325000,True,1305100
TLP 1 LLC,ANCHOR LOANS LP,1485000,True,1562250
13036 MORNINGSIDE WAY LLC,TEMPLE VIEW CAPITAL FUNDING LP,1600000,True,3369434
2565 VETERAN AVENUE LLC,HSBC BANK USA NA,3625000,True,2300000
JCK CAPITAL LLC,BRIDGELOCK CAPITAL,800000,True,640000
TOP SHELF REAL ESTATE,CONVENTUS LLC,935000,True,701250
MS83 INVESTMENTS LLC,WHGG TRUST,450000,True,458000
RADICAL ENTERPRISES INC,ASPEN RETIREMENT FUND LLC,450000,True,451300
11268 CASHMERE STREET LLC,ARCHWEST FUNDING LLC,1675000,True,2053750
ARDMORE 770 LLC,HOMETOWN EQUITY MORTGAGE LLC,725000,True,580000
SUMMIT QOZB LLC,ARIXA ENHANCED INCOME FUND LP,1200000,True,2250000
6142 S HOBART LLC,CENTER STREET LNDG VIII SPE LL,1025000,True,1952000
121 MATHEWS LP,KEYBANK NATIONAL ASSOCIATION,1300000,True,9539500
6018 BRYNHURST LP,KEYBANK NATIONAL ASSOCIATION,1490000,True,11887000
1247 ENTERPRISES LLC,ARCHWEST FUNDING LLC,1700000,True,1891879
LOMA PARTNERS LLC,CONVENTUS LLC,710000,True,1881565
I BUY UGLY HOMES INC,IRON BRIDGE MORTGAGE FUND LLC,650000,True,585000
D & D CALIFORNIA INVESTMENT GROUP INC,KIAVI FUNDING INC,450000,True,532600
5 STAR DISCOUNT HOMES LLC,ARIXA ENHANCED INCOME FUND LP,500000,True,660000
12107 MARINE LLC,CONVENTUS LLC,1850000,True,3065930
MR REHAB,LEGACY LENDING LLC,1300000,True,1147500
SPC LA RENTAL 3 LLC,CONVENTUS LLC,965000,True,937260
BAILEYS PLACE II LLC,INDIGO DIRECT LENDING LLC,1250000,True,1072500
3289 KELTON AVENUE LLC,ARCHWEST FUNDING LLC,1000000,True,1520000
2441 HARWOOD LLC,CV3 FINANCIAL SERVICES LLC,926000,True,1553526
NC ELEVATE INVESTMENTS LLC,KIAVI FUNDING INC,1330000,True,1256200
RHEMA 12 LLC,ANCHOR LOANS LP,462500,True,558600
DUOWEI ENTERPRISES,KIAVI FUNDING INC,665000,True,654600
KEYSTONE CAPITAL PARTNERS LLC,KIAVI FUNDING INC,2500000,True,2590000
MINDFUL TRANSPORTATION INCORPORATION,QUANTA FINANCE INC,545000,True,503713
AVMM LLC,RFLF 4 LLC,1025000,True,1507500
CHOCTAW AMERICAN INSURANCE INC,LAND HOME FIN'L SERVICES INC,500000,True,490943
FOTS INVESTMENTS LLC,CENTER STREET LNDG VIII SPE LL,890000,True,851700
SILVER SANDS GROUP LLC,JPMORGAN CHASE BANK NA,1900000,True,1200000
4J ST THERESA LLC,FFB BANK,2000000,True,1520000
BASAD LLC,CHURCHILL FUNDING I LLC,2080000,True,3145000
ANEROL LLC,KIAVI FUNDING INC,810000,True,1040000
CHIMAY ENTERPRISES LLC,ANCHOR LOANS LP,1007000,True,1054000
RJE ARCHITECURAL DESIGN LLC,ACCOLEND LLC,1650000,True,1987900
BOY AND THE DOG LLC,CENTER STREET LNDG VIII SPE LL,1140000,True,1154300
DEPICTEUR INC,KIAVI FUNDING INC,600000,True,789900
FREEHOLD LLC,PROVIDENT TRUST GROUP LLC,1775000,True,1242000
WRT INVESTMENTS INC,ANCHOR LOANS LP,460000,True,604000
MS83 INVESTMENTS LLC,WHGG TRUST,485500,True,468000
VASAM INVESTMENTS INC,ELEVEN ZEN LLC,625000,True,550000
E-SQUARED INVESTMENTS LLC,KIAVI FUNDING INC,1810000,True,1928200
MC HAMLET PROPERTIES LLC,AXOS BANK,4500000,True,3150000
FIRST CLASS DEVELOPMENTS LLC,BLUSTEIN TAMARA,1225000,True,980000
PEN GROUP LLC,AMERITRUST MTG CORPORATION,1075000,True,806250
PEN GROUP LLC,AMERITRUST MTG CORPORATION,1190000,True,870000
IESMT LLC,LH INVESTMENT TRUST,990000,True,795000
2757 OVERLAND LLC,ORCHARD FUNDING,1520000,True,2065360
TAI LI REALTY,SHEREN BONNIE,1545000,True,1295000
HSUPERIOR LLC,TSASU LLC,1480000,True,2058000
DEVELOPMENT STUDIO LA LLC,KIAVI FUNDING INC,724000,True,857900
OCEAN DEVELOPMENT INC,GLADIEUX KEITH,599000,True,525000
AVOCADO DEVELOPMENT II LLC,ARCHWEST FUNDING LLC,2362500,True,2686540
EZ BUILDERS LLC,SPREO CAPITAL MANAGER LLC,1860000,True,3055000
OCEAN DEVELOPMENT INC,FORGE TRUST CO,550000,True,550000
BYE BYE HOUSE INC,CENTER STREET LNDG VIII SPE LL,1795000,True,1871949
BTW INVESTMENTS INC,HL3 SIERRA LLC,750000,True,637500
COURAGES INVESTORS LLC,ORCHARD FUNDING,320000,True,378000
VERITAS REAL ESTATE LLC,CENTER STREET LNDG VIII SPE LL,1485000,True,1585195
BRADSHAWE INVESTMENTS LLC,BERCHENKO GARY,550000,True,560000
TULE RIVER HOMEBUYER EARNED EQUITY AGENCY,PANORAMA MORTGAGE GROUP LLC,720000,True,706959
TULE RIVER HOMEBUYER EARNED EQUITY AGENCY,GENWAY HOME MORTGAGE INC,670000,True,657864
MORGAN PROPERTIES FOUR LLC,PACIFIC PREMIER BANK,825000,True,10000000
MDP4 LLC,CHURCHILL FUNDING I LLC,2000000,True,1600000
6142 S HOBART LLC,CENTER STREET LNDG VIII SPE LL,1030000,True,1689800
WALDEN CAPITAL GROUP LLC,ORCHARD FUNDING,510000,True,540000
LUVITUS HOLDINGS LLC,RWA TRUST,8800000,True,8800000
AUDUBON PROPERTIES LLC,KIAVI FUNDING INC,440000,True,453100
12387 HERBERT LLC,ALLSTATE LENDING GROUP INC,1100000,True,750000
NEWSHIRE INVESTMENTS INC,GENESIS CAPITAL LLC,690000,True,517500
TULE RIVER HOMEBUYER EARNED EQUITY AGENCY,GEO-CORP INC,530000,True,520400
VIRGO H INV LLC,KIAVI FUNDING INC,600000,True,637400
SRED X LP,GENESIS CAPITAL LLC,6018000,True,4513500
FVR GROUP THIRTYSIX LLC,QUANTA FINANCE INC,1550000,True,1606000
CHIMAY ENTERPRISES LLC,ANCHOR LOANS LP,715000,True,829000
GOMLIN PROPERTIES LLC,NATHAN SUGIMOTO AND CHRISTINE,775000,True,500000
4033 MOORE HOLDING LLC,HL3 SIERRA LLC,1250000,True,1462500
JANERATION LLC,NCL EAGLEPOINT INVESTMENTS LLC,630000,True,472500
610 N CURSON AVE LLC,CAKE MORTGAGE CORP,1500000,True,1200000
BLUE BIRD DESIGN,CENTER STREET LNDG VIII SPE LL,692000,True,682592
BAYVIEW SOCAL HOMES LLC,GENESIS CAPITAL LLC,1650000,True,2295000
GIBSON HOUSE LLC,GENESIS CAPITAL LLC,2100000,True,2475000
CUELLAR GROUP INC,AEGIS ASSET BACKED SECURITIES,418000,True,457000
DANNYS STONE LLC,VELOCITY COMMERCIAL CAP LLC,500000,True,551800
1101 CASIANO RD LLC,UNITAS FUNDING LLC,2125000,True,3080450
1768 SOUTH SHERBOURNE LLC,ARIXA CAPITAL ADVISORS LLC,1640000,True,2360000
SKY LIVING INVESTMENTS LLC,KIAVI FUNDING INC,360000,True,360000
12114 INAVALE LLC,ARIXA ENHANCED INCOME FUND LP,2800000,True,4500000
CHARITON5502 LLC,PROVIDENT TRUST GROUP LLC,1448000,True,895000
CROFT VENTURES LLC,BANK OF AMERICA NA,1950000,True,1560000
LILY OF THE VALLEY LLC,BANK IRVINE,20000000,True,14000000
2 INFINITY GROUP LLC,KIAVI FUNDING INC,1050000,True,1123500
CHIMAY ENTERPRISES LLC,ANCHOR LOANS LP,1200000,True,1318033
40TH PROPERTIES LLC,CHANGE LENDING LLC,550000,True,467500
MF REAL ESTATE INVESTMENT LLC,GENESIS CAPITAL LLC,1040000,True,832000
MF REAL ESTATE INVESTMENT LLC,GENESIS CAPITAL LLC,1525000,True,1220000
WOLF REXFORD LLC,POWER EXPRESS MORTGAGE BANKERS,1750000,True,925000
4519 FINLEY LLC,ARIXA ENHANCED INCOME FUND LP,1487500,True,3500000
BDK SELLS HOMES INC,CENTER STREET LNDG VIII SPE LL,390000,True,386750
BDK SELLS HOMES INC,CENTER STREET LNDG VIII SPE LL,430000,True,420750
AVDB INVESTMENTS LLC,ORCHARD FUNDING,750000,True,835200
3550 WESTERN LLC,MOADEL MOOSA,849000,True,594000
JMP INVESTMENTS INC,NADEL & ASSOCIATES PSP,510000,True,382500
1435 HOME LLC,KIAVI FUNDING INC,1050000,True,1078500
AMBAR DEVELOPMENT LLC,ARIXA SECURED INCOME FUND LLC,3675000,True,2775000
IKONIK PROPERTIES LLC,CONVENTUS LLC,1750000,True,1874250
354 NEWLAND LLC,GOLDEN 1 CU,3880000,True,2358000
RS HARMONY ESTATE LLC,BLUEBONO LLC,1325000,True,1200000
CHIMAY ENTERPRISES LLC,ANCHOR LOANS LP,700000,True,838500
GLORIOUS APARTMENTS LLC,ROYAL PACIFIC FUNDING CORP,640000,True,340000
MEZA PROPERTY PROJECT LLC,CV3 FINANCIAL SERVICES LLC,480000,True,472500
ZOLARA LIMITED INC,MODIANO HAIM,300000,True,308000
EARLY DEVELOPMENT GROUP LLC,ORCHARD FUNDING,625000,True,639000
ARIZONA AVE LLC,KIAVI FUNDING INC,533000,True,547900
XOCHIL RE LLC,GCG FUND 1 LLC,860000,True,645000
VILLALOBOS QUALITY CONSTRUCTION INC,PREMIUM FUNDING,1050000,True,980000
URBAN CITIES DEVELOPMENT,WHGG TRUST,775000,True,1870000
CATERRA PROPERTY 5 LLC,SPREO CAPITAL MANAGER LLC,735000,True,1041250
CASAVIVALB LLC,CENTER STREET LNDG VIII SPE LL,421000,True,374500
J4NC LLC,GENESIS CAPITAL LLC,1750000,True,2383000
MASIS HOLDINGS LLC,GENESIS CAPITAL LLC,1840000,True,1472000
1303 LUCILE AVE LLC,GENESIS CAPITAL LLC,1640000,True,2416000
CSP ENTERPRISE LLC,ORCHARD FUNDING,510000,True,666000
COVIS GROUP INC,KIAVI FUNDING INC,646000,True,721600
10840 QUEENSLAND LLC,ANCHOR LOANS LP,1462500,True,2311100
BONNIE BRAE PARTNERS LLC,PRIDECO LOANS INC,1550000,True,1683496
CHIMAY ENTERPRISES LLC,ANCHOR LOANS LP,724000,True,849928
LA21G LLC,GENESIS CAPITAL LLC,2150000,True,3215790
1159 N VIRGIL AVE LLC,GENESIS CAPITAL LLC,1563000,True,2259000
CASHNVESTORS LLC,KIAVI FUNDING INC,575000,True,684800
AURIC GOLDFINGER LLC,JPMORGAN CHASE BANK NA,2750000,True,2200000
BMC PLANNERS INC,SALAZAR LILI,300000,True,260000
SUGAR PORCH RESIDENTIAL LLC,HOUSEMAX FUNDING LLC,630000,True,724000
WILLBEE INVESTMENT LLC,KIAVI FUNDING INC,1550000,True,1499900
BRILLIO INVESTMENTS LLC,DIYA FINANCE LLC,867000,True,1036950
TULE RIVER HOMEBUYER EARNED EQUITY AGENCY,GEO-CORP INC,670000,True,657864
VIRGO H INV LLC,KIAVI FUNDING INC,395000,True,415600
MR REHAB INC,LEGACY LENDING LLC,976500,True,878742
SLA SEVEN PROPERTIES LLC,KIAVI FUNDING INC,900000,True,439600
ZL ASSETS LLC,LOAN FUNDER LLC,1745000,True,2261000
DRH RE GROUP LLC,CENTER STREET LNDG VIII SPE LL,755000,True,825000
DIVINE HARBOR REALTY LLC,QUANTA FINANCE INC,1020000,True,975000
3C INVESTMENTS LLC,CENTER STREET LNDG VIII SPE LL,955000,True,1084500
3918 HALLDALE AVE LLC,DEEPHAVEN MORTGAGE LLC,675000,True,506250
HDS HAHSMORE LLC,KIAVI FUNDING INC,600000,True,667200
KA4 LLC,SPREO CAPITAL MANAGER LLC,1630000,True,2625000
LAURELMONT HOLDINGS LLC,ARIXA CAPITAL ADVISORS LLC,1670000,True,2500000
4JLA LLC,ARCHWEST FUNDING LLC,710000,True,532500
4JLA LLC,ARCHWEST FUNDING LLC,710000,True,532500
START REMODELING LLC,FORGE TRUST CO,475000,True,453000
CRESTMONT AVE LLC,GUARDHILL FINANCIAL LLC,2700000,True,2160000
WESTERN PRO BUILDERS,ANCHOR LOANS LP,665000,True,918900
D VISION HOMES LLC,MILLER SEAN,311454,True,100000
KRDLM LLC,RCN CAPITAL LLC,875000,True,1095007
PYRAMID INVESTMENTS INC,JET MORTGAGE LLC,910000,True,682500
2650 POMEROY LLC,KIAVI FUNDING INC,602000,True,541800
HOMEPPORTUNITY INVESTMENTS LLC,FIRST CLASS FUNDING INC,405000,True,325000
TELLURIDE INC,VELOCITY COMMERCIAL CAP LLC,245000,True,423000
CL INVESTMENT STRATEGIES LLC,INVESTORS CHOICE,459000,True,390000
CLEARPOINT INVESTMENT GROUP LLC,IRON BRIDGE MORTGAGE FUND LLC,500000,True,1026000
BOBBY MARTINEZ CONSTRUCTION INC,BRC COMMERCIAL BRIDGE FUND LLC,1285000,True,1278000
MDP2 LLC,ARIXA SECURED INCOME FUND LLC,1850000,True,1300000
FVR GROUP THIRTYFOUR LLC,QUANTA FINANCE INC,1640000,True,1566000
FS PENTHOUSE ONE LLC,RGGL LLC,15000000,True,10600000
URBAN STREET VENTURES INC,KIAVI FUNDING INC,430000,True,523500
RADIANT SUNSHINE INVESTMENT GROUP LLC,ARV FINANCE INC,770000,True,886500
RJR WORLDWIDE CORP,QUANTA FINANCE INC,910000,True,897700
STOCKPILE PROPERTY VENTURES LLC,QUANTA FINANCE INC,900000,True,897700
AVENUE 56 PARTNERS LLC,SPREO CAPITAL MANAGER LLC,995000,True,2631500
ACE 1 MARKETING LLC,EASY STREET CAPITAL CA LLC,650000,True,520163
CHIROSE INVESTMENT MANAGEMENT LLC,KIAVI FUNDING INC,711000,True,719400
WI MAGNIS LLC,REAL PROP FUNDING GROUP LLC,675000,True,892000
MANSFIELD DEVELOPMENTS LLC,MIDFIRST BANK,1340000,True,1000000
MANSFIELD DEVELOPMENTS LLC,MIDFIRST BANK,1340000,True,1000000
MONT CLAIR VISTA LLC,KIAVI FUNDING INC,745000,True,702000
BLR CAPITAL LLC,DAVID QUAN TRUONG FAMILY TRUST,261000,True,75000
ALISON WHITE HOMES LLC,GENESIS CAPITAL LLC,1500000,True,2140000
HELMD P4 LLC,TEMPLE VIEW CAPITAL FUNDING LP,1725000,True,3288461
BAYVIEW SOCAL HOMES LLC,GENESIS CAPITAL LLC,830000,True,1325100
GLASS DOOR MANAGEMENT LLC,VELOCITY COMMERCIAL CAP LLC,1475000,True,1012500
KGI LLC,BENCH EQUITY LLC,700000,True,400000
HS AND CK INC,HL3 SIERRA LLC,825000,True,637500
M & M BUILDINGS LLC,JPMORGAN CHASE BANK NA,2200000,True,1750000
M & M BUILDINGS LLC,JPMORGAN CHASE BANK NA,1800000,True,1750000
VALLEY OAK HOLIDAY LLC,CENTER STREET LNDG VIII SPE LL,2050000,True,1997500
ASCEND EQUITY HOLDINGS LLC,NATIONAL LOAN FUNDING LLC,880000,True,967000
TULE RIVER HOMEBUYER EARNED EQUITY AGENCY,PANORAMA MORTGAGE GROUP LLC,640000,True,628408
SIENA PACIFIC LLC,AMERITRUST MTG CORPORATION,1445000,True,867000
MASIS HOLDINGS LLC,ANCHOR LOANS LP,930000,True,837000
JBUL INVESTMENTS LLC,ONY GLO INC,1620000,True,1215000
MR REHAB INC,LEGACY LENDING LLC,1162000,True,1066500
METTA ESTATES & INVESTMENTS LLC,EASY STREET CAPITAL CA LLC,647000,True,775999
BEVERLY HILLS BRICKS LLC,SPREO CAPITAL MANAGER LLC,1075000,True,973750
TULE RIVER HOMEBUYER EARNED EQUITY AGENCY,GENWAY HOME MORTGAGE INC,635000,True,623498
9705 LLC,EASY STREET CAPITAL CA LLC,900000,True,832000
PROVIDENT INVESTMENTS LLC,WEDEKING FAMILY TRUST,550000,True,420000
SA HUEY DUEY LUEY LLC,ARCHWEST FUNDING LLC,1130000,True,1129905
1609 OAK LLC,ANCHOR LOANS LP,800000,True,935000
FISHER2 LLC,KIAVI FUNDING INC,950000,True,936600
BAYVIEW SOCAL HOMES LLC,GENESIS CAPITAL LLC,690000,True,1015500
DREAM 777 CAPITAL LLC,ANCHOR LOANS LP,5150000,True,6247457
SUNNIN BAKERY INC,ARIXA ENHANCED INCOME FUND LP,2750000,True,1925000
VIRGO H INV LLC,KIAVI FUNDING INC,455000,True,437100
MS83 INVESTMENTS LLC,GENESIS CAPITAL LLC,486000,True,437400
PAN PARTNERSHIP INC,VELOCITY COMMERCIAL CAP LLC,450000,True,831000
3 BROS REAL ESTATE LLC,ANCHOR LOANS LP,755000,True,878000
2760 HARCOURT LLC,NICK MERCADO LIVING TRUST,1600000,True,1700000
RS HARMONY ESTATE LLC,BLUEBONO LLC,1950000,True,1732000
GI PROPERTY 99 LLC,INFINITY BANK,980000,True,588000
GOOD MOOD STUDIO INC,KIAVI FUNDING INC,400000,True,300000
AMI CAPITAL LLC,QUANTA FINANCE INC,1700000,True,2438000
ELUL LLC,CHANGE LENDING LLC,1480000,True,1036000
VIRGO H INV LLC,QUANTA FINANCE INC,1050000,True,1055000
5 STAR DISCOUNT HOMES LLC,ARIXA ENHANCED INCOME FUND LP,300000,True,500000
5 STAR DISCOUNT HOMES LLC,ARIXA CAPITAL ADVISORS LLC,360000,True,680000
RC CAPITAL VENTURES LLC,TEMPLE VIEW CAPITAL FUNDING LP,900000,True,1239817
LA21G LLC,GENESIS CAPITAL LLC,1515000,True,2329775
STRUCTURED ASSETS LLC,ANCHOR LOANS LP,630000,True,562500
DIONICIOS PROPERTIES INC,CENTER STREET LNDG VIII SPE LL,730000,True,956250
LA21G LLC,GENESIS CAPITAL LLC,1795000,True,2845435
WRT INVESTMENTS INC,ANCHOR LOANS LP,566000,True,659400
ONWARD CAPITAL LLC,WHGG TRUST,1140000,True,969000
WASATCH LLC,CHURCHILL FUNDING I LLC,1950000,True,3017500
TEAM REYES REALTY GROUP LLC,KIAVI FUNDING INC,860000,True,899900
JUNKERS2JEWELS LLC,LOS ANGELES HARBOR GRAIN TERMI,325500,True,100000
FIRST SKY PROPERTIES LLC,CENTER STREET LNDG VIII SPE LL,680000,True,854000
3146 W 78TH STREET LLC,WILSHIRE ESCROW COMPANY,530000,True,450000
BYE BYE HOUSE INC,CENTER STREET LNDG VIII SPE LL,1520000,True,1664666
ROWENA AVE B LLC,RODNEY FAMILY TRUST,2240000,True,1344000
1510 PARMER AVENUE LLC,CLEAREDGE LENDING LLC,1143500,True,793500
6216 MARYLAND DRIVE LLC,MIDFIRST BANK,2299000,True,1609300
TULE RIVER HOMEBUYER EARNED EQUITY AGENCY,GENWAY HOME MORTGAGE INC,730000,True,716777
2258 CAZADOR LLC,EDUARDO AND DIANE ALVAREZ LIVI,900000,True,850000
DREAM LA INVESTMENTS LLC,ANCHOR LOANS LP,500000,True,400000
780 LINDA FLORA LLC,ANCHOR LOANS LP,6000000,True,4800000
FVR GROUP THIRTYONE LLC,QUANTA FINANCE INC,1100000,True,1072500
ZERO TOLERANCE LLC,EASY STREET CAPITAL CA LLC,515000,True,511580
DRH RE GROUP LLC,CENTER STREET LNDG VIII SPE LL,560000,True,639850
BH WATERLOO LLC,KIAVI FUNDING INC,1326000,True,1424100
ESCOBEDO BUILDS LLC,PREMIUM FUNDING,325500,True,350000
TIKON NURSING INC,CREEKSIDE CAPITAL GROUP LLC,540000,True,400000
COLMEX FIX & FLIP LLC,CONVENTUS LLC,385000,True,300300
KELSO LLC,ANCHOR LOANS LP,750000,True,675000
DWELL HOLDINGS GROUP LLC,PRIDECO LOANS INC,1370000,True,1471400
MR REHAB INC,LEGACY LENDING LLC,1250000,True,1089000
BERRYMAN AVE LLC,GENESIS CAPITAL LLC,1600000,True,1280000
ELITE HOLLYWOOD RESIDENCES LTD,BANK OF MONTREAL,925000,True,500000
HBC INVESTMENTS INC,REYNOLDS FAMILY TRUST,615000,True,495000
BAKSACACIA LLC,RED DRAGON INVESTMENT,625000,True,562500
GI PROPERTY 98 LLC,CONVENTUS LLC,700000,True,990547
GI PROPERTY 94 LLC,INFINITY BANK,880000,True,616000
PRINCIPLES INC,PACIFIC PREMIER BANK,2780000,True,1875000
FVR GROUP TWENTYTHREE LLC,ANCHOR LOANS LP,1675000,True,1507500
ESAAM LIMITED CORP,KIAVI FUNDING INC,750000,True,562500
PAN PARTNERSHIP INC,VELOCITY COMMERCIAL CAP LLC,500000,True,876000
PAN PARTNERSHIP INC,VELOCITY COMMERCIAL CAP LLC,500000,True,876000
ONNI 530 S MAPLETON LLC,SOUTH HILL INSURANCE SCC,36000000,True,14000000
HOUSUP LLC,TERRANCE TAYLOR LLC,655000,True,470000
MERE SOUTHAMPTON PROPERTIES LLC,CITIBANK NA,13500000,True,9450000
MJD INVESTMENT CORP,CITADEL SERVICING CORPORATION,765000,True,550000
SP CASAS LLC,HL3 SIERRA LLC,565000,True,642600
3444 REDWOOD LLC,ARIXA SECURED INCOME FUND LLC,1570000,True,1770000
EMPIRE PROCESSING INC,KIAVI FUNDING INC,762000,True,830000
ESAAM LIMITED CORP,KIAVI FUNDING INC,750000,True,562500
VRH INVESTMENTS LLC,QUANTA FINANCE INC,785000,True,768250
CALEBHOUSE LLC,JPMORGAN CHASE BANK NA,3925000,True,2000000
FVR GROUP SIX LLC,ANCHOR LOANS LP,1202500,True,1073797
RIDGELEY HOLDINGS LLC,ORCHARD FUNDING,885000,True,1048770
REY REYES INVESTMENTS AND ACQUISITIONS LLC,NCL EAGLEPOINT INVESTMENTS LLC,545000,True,460000
MISTY ACRES LLC,DANCO INC,714000,True,580000
PWNE CAP LLC,KIAVI FUNDING INC,998000,True,997800
REDWOOD AVE LLC,ARIXA ENHANCED INCOME FUND LP,1370000,True,2142000
CATALINA ESTATES LLC,CENTER STREET LNDG VIII SPE LL,1034000,True,1246275
CLAMHOR 2 LLC,SPRCO CAPITAL MANAGER LLC,2175000,True,2815000
CTRAIN ENTERPRISES INC,KNISLEY MICHELLE,640000,True,710000
SYCAMORE 2025 LLC,CONVENTUS LLC,1500000,True,1769712
COCHRAN VENTURES LLC,CENTER STREET LNDG VIII SPE LL,1760000,True,531187
LYONZDEN INVESTMENTS,ORCHARD FUNDING,620000,True,643499
18 GEORGETOWN LLC,GENESIS CAPITAL LLC,1400000,True,2109500
AHAVA PROPERTIES LLC,GENESIS CAPITAL LLC,879500,True,791287
KCBL PROPERTIES LLC,TEMPLE VIEW CAPITAL FUNDING LP,1800000,True,1440000
C & E INVESTMENTS INC,KIAVI FUNDING INC,490000,True,749900
4201 PICO INVESTMENT LLC,YB R/E PROPERTIES III LLC,1250000,True,1000000
4201 PICO INVESTMENT LLC,YB R/E PROPERTIES II LLC,1250000,True,1000000
HARVARD ONE LLC,SPREO CAPITAL MANAGER LLC,660000,True,840000
HANNUKA PROPERTIES LLC,JPMORGAN CHASE BANK NA,1600000,True,1200000
MD SELECT PORTFOLIO LLC,COREVEST AMERICAN FIN LNDR LLC,840000,True,890500
KEYSTONE CAPITAL PARTNERS LLC,EASY STREET CAPITAL CA LLC,1500000,True,1492000
2768 ANCHOR LLC,MICHAEL AND JESSICA WACHT LIVI,2200000,True,1700000
C & D DEVELOPMENT LLC,CHANGE LENDING LLC,1000000,True,750000
STANLEY HILLS LLC,FUNDRISE LENDING LLC,2750000,True,2475000
STANLEY HILLS LLC,FUNDRISE LENDING LLC,2750000,True,2475000
BUNGALOWE LLC,PRIDECO LOANS INC,1160000,True,1496000
MD SELECT PORTFOLIO LLC,COREVEST AMERICAN FIN LNDR LLC,775000,True,750000
BLACK DIAMOND CAPITAL LLC,ROYAL PACIFIC FUNDING CORP,850000,True,680000
FREETOWN HOLDINGS COMPANY,DIYA FINANCE LLC,800000,True,856350
OCEAN DEVELOPMENT INC,FORGE TRUST CO,560000,True,477000
HORIZON GOLDEN INVESTMENT LLC,ST LUKE PROPERTIES LLC,615000,True,300000
HDS HAHSMORE LLC,KIAVI FUNDING INC,491000,True,515100
CATERRA PROPERTY 3 LLC,SPREO CAPITAL MANAGER LLC,750000,True,1890000
LA OPTIONS INC,DANCO INC,580000,True,464000
3474 GREENWOOD AVE LLC,ANCHOR LOANS LP,1400000,True,2393240
LLBR INVESTMENT LLC,CHANG FAMILY TRUST,1150000,True,675000
HMIC PROPERTIES LLC,FAMILY TRUST OF MITCHELL L TAU,910500,True,725000
ADEA LLC,ANCHOR LOANS LP,2050000,True,1725000
JMP INVESTMENTS INC,INVESTORS FIRST CHOICE,578000,True,512000
COVENANT INVESTMENTS LLC,REYNOLDS FAMILY TRUST,400000,True,320000
ROYAL CHOICE OF BEVERLY HILLS LLC,AMWEST FUNDING CORP,600000,True,450000
LESNY REAL ESTATE INC,ANCHOR LOANS LP,1225000,True,1227500
RO72 LLC,CONVENTUS LLC,1610000,True,1818500
SIENA PACIFIC LLC,AMERITRUST MTG CORPORATION,1200000,True,900000
8636 EDWIN LLC,SPREO CAPITAL MANAGER LLC,2300000,True,3178000
REAL ONE ESTATE LLC,CENTER STREET LNDG VIII SPE LL,410000,True,383222
EVEREST ASSETS LLC,KIAVI FUNDING INC,687500,True,715000
AVILAS PROPERTY INVESTMENTS LLC,INVESTORS FIRST CHOICE,440000,True,350000
3 JAYS PROPERTIES LLC,NEW WAVE LENDING GROUP INC,1275000,True,828750
2758 BARRINGTON HOLDING LLC,HL3 SIERRA LLC,1210000,True,1457800
50 PLUS INC,COREVEST AMERICAN FIN LNDR LLC,1300000,True,1316300
NO ORDINARY PROPERTIES LLC,CROSSCOUNTRY MORTGAGE LLC,2075000,True,1452500
PULL PROPERTY INVESTMENTS LLC,BENCH EQUITY LLC,1100000,True,1110000
613 E 83RD ST OWNER LLC,LOAN FUNDER LLC,650000,True,625500
ALISON WHITE HOMES LLC,GENESIS CAPITAL LLC,1930000,True,3300000
AMI CAPITAL LLC,QUANTA FINANCE INC,1075000,True,1255000
OCEAN DEVELOPMENT INC,KATHLEEN ESPINOZA TRUST,575000,True,517000
NEW HAMSTER LLC,STEVEN E FISHMAN TRUST,652000,True,500000
C ON ADAMS LLC,DIYA FINANCE LLC,1520000,True,1507500
305 AUTO ADVERTISING INC,ANCHOR LOANS LP,500000,True,425000
MS83 INVESTMENTS LLC,GENESIS CAPITAL LLC,445000,True,426600
GSI INVESTMENT LLC,FUNDLOANS CAPITAL,1900000,True,1500000
GORDON BARON INC,COREVEST AMERICAN FIN LNDR LLC,985000,True,1184770
2640 GRIFFITH LLC,FM HOME LOANS LLC,1310500,True,917126
7846 GRANITO DR LLC,GOLDMAN SACHS BANK USA,7000000,True,4900000
WHISKER LION LLC,ROCKET MORTGAGE LLC,690000,True,677502
DUNN DEVELOPMENT II LLC,ARCHWEST FUNDING LLC,1200000,True,2588000
GARDNER HOLDING CO LLC,US BANK NATIONAL ASSOCIATION,1983000,True,1487250
1568 ORANGE GROVE DEV LLC,SOUND CAPITAL LOANS LLC,2650000,True,7442500
CG REALTY INVESTMENTS,LBC CAP INCOME FUND SPE 1 LLC,4300000,True,3440000
7832 GRANITO DR LLC,GOLDMAN SACHS BANK USA,6500000,True,4130000
NEIGHBORHOOD HOME OFFER LLC,NATIONAL LOAN FUNDING LLC,580000,True,594000
CATERRA 2 PROPERTY LLC,SPREO CAPITAL MANAGER LLC,719000,True,910000
5 STAR DISCOUNT HOMES LLC,ARIXA CAPITAL ADVISORS LLC,548000,True,628000
5 STAR DISCOUNT HOMES LLC,ARIXA ENHANCED INCOME FUND LP,965000,True,1840000
8334 KIRKWOOD LLC,CENTER STREET LNDG VIII SPE LL,1500000,True,1697875
LEGACY GROUP INVESTMENTS LLC,KIAVI FUNDING INC,350000,True,410600
AYALA MARKETING GROUP LLC,DANESHRAD ROBERT,1342000,True,940000
BAGUIO PINES LLC,KIAVI FUNDING INC,789000,True,880000
31ST STREET LLC,WHGG TRUST,560000,True,448000
2679 CHARL PL LLC,SPREO CAPITAL MANAGER LLC,3000000,True,3328000
OCEAN DEVELOPMENT INC,NATHAN SUGIMOTO AND CHRISTINE,575000,True,500000
IRON MEN LLC,TITAN SERVICING INC,575000,True,517500
LF 362 COPA LLC,JPMORGAN CHASE BANK NA,16466000,True,11725000
300 INVESTMENT GROUP LLC,LMF 2 LP,1000000,True,850000
BLUEBIRD 1 LLC,JPMORGAN CHASE BANK NA,6240500,True,4368145
LA JOLLA 636 LLC,BANK OF AMERICA NA,3475000,True,2780000
D VISION HOMES LLC,BENCH EQUITY LLC,1000000,True,750000
FVR GROUP SEVENTEEN LLC,HL3 SIERRA LLC,1010000,True,909000
RAMOS REAL ESTATE GROUP INC,KRISTEN E HARTWICK FAMILY TRUS,500000,True,490000
5 STAR DISCOUNT HOMES LLC,ARIXA CAPITAL ADVISORS LLC,425000,True,570000
TULE RIVER HOMEBUYER EARNED EQUITY AGENCY,PANORAMA MORTGAGE GROUP LLC,595000,True,584223
COVE CAPITAL COMPANY LLC,TEMPLE VIEW CAPITAL FUNDING LP,965000,True,1117446
LA21G LLC,GENESIS CAPITAL LLC,1234500,True,2058746
DI NALLI CONSULTING LLC,COLORADO FEDERAL SAVINGS BANK,1650000,True,2470000
1711 SOUTH SHENANDOAH LLC,ARIXA ENHANCED INCOME FUND LP,1450000,True,2140000
CHIMAY ENTERPRISES LLC,ANCHOR LOANS LP,1300000,True,1336391
VIA CAMDEN LP,PYRAMID CAPITAL LLC,5100000,True,3000000
2130 MANDEVILLE CANYON LLC,GENESIS CAPITAL LLC,5145000,True,4116000
DRIVEN BUILDS LLC,STEVEN KAY LIVING TRUST,560000,True,400000
2817 BARRINGTON HOLDING LLC,HL3 SIERRA LLC,1250000,True,1438200
FRANK PITTELLI LLC,EIGHTY TWENTY LABS LLC,1048000,True,550000
BYE BYE HOUSE INC,CENTER STREET LNDG VIII SPE LL,1900000,True,1979639
PAN PARTNERSHIP INC,VELOCITY COMMERCIAL CAP LLC,635000,True,997500
BYE BYE HOUSE INC,CENTER STREET LNDG VIII SPE LL,965000,True,1002206
FVR GROUP TWENTY LLC,ANCHOR LOANS LP,900000,True,1223000
PROVIDENT INVESTMENTS LLC,ELEVEN ZEN LLC,560000,True,440000
ALEXED ENTERPRISES LLC,JA & B PROPERTIES LLC,730000,True,330000
TGM VENTURE PARTNERS LP,KIAVI FUNDING INC,878000,True,954100
SYNDICATE HOLDINGS,WOO LIVING TRUST,850000,True,850000
CLA STARSHIP 42ND LLC,MIDFIRST BANK,830000,True,621445
L & A FINANCIAL GROUP LLC,VONTIVE INC,730000,True,742500
T & D INVESTMENTS LLC,ANGEL OAK MTG SOLUTIONS LLC,1525000,True,1162500
2907 RIDGELEY LLC,GROUNDFLOOR CREDIT 1 LLC,685000,True,626499
RADIANT SUNSHINE INVESTMENT GROUP LLC,ARV FINANCE INC,755000,True,819995
ASSEMBLE CAPITAL MANAGER LLC,SPREO CAPITAL MANAGER LLC,1000000,True,1958187
WARING BY PREMISE LLC,CHURCHILL FUNDING I LLC,1525000,True,2194310
SENSOR ONE ELECTRONIC SECURITY INC,ANCHOR LOANS LP,800000,True,570000
GI PROPERTY 95 LLC,INFINITY BANK,935000,True,561000
LA LA PROPERTIES LLC,JPMORGAN CHASE BANK NA,3600000,True,1200000
OCEAN DEVELOPMENT INC,BALDO FAMILY TRUST,612000,True,578000
SLJK1 LLC,CONVENTUS LLC,1175000,True,1422905
G & F PROPERTY INVESTMENTS INC,NCL EAGLEPOINT INVESTMENTS LLC,500000,True,250000
UNEEQ SOLUTIONS INC,ARIXA CAPITAL ADVISORS LLC,1650000,True,1520000
NO MORE MISTER NICE GUY LLC,JPMORGAN CHASE BANK NA,1430000,True,1144000
TGM VENTURE PARTNERS LP,KIAVI FUNDING INC,530000,True,585500
KJT PROPERTIES LLC,PROVIDENT TRUST GROUP LLC,2391136,True,465000
1149 W 37 LLC,KOHANOFF SIAMAK,1400000,True,980000
FP8801 LLC,LIU BINGZHE,950000,True,700000
CONCEPT DESIGN & BUILDINGS LLC,RK DEVELOPMENT LLC,2004000,True,1095799
EWA CAPITAL LLC,ANCHOR LOANS LP,880000,True,937460
MONTANO SOLUTIONS INC,KIAVI FUNDING INC,900000,True,899900
FVR GROUP TWENTYONE LLC,ANCHOR LOANS LP,1380000,True,1242000
BYE BYE HOUSE INC,CENTER STREET LNDG VIII SPE LL,1555000,True,1628345
FVR GROUP NINETEEN LLC,ANCHOR LOANS LP,1225000,True,1364000
DEPICTEUR INC,KIAVI FUNDING INC,900000,True,936000
6100 STRICKLAND LLC,LIVING TRUST OF LILIA FAUSTO,1400000,True,1120000
612 JUANITA AVE LLC,ARIXA ENHANCED INCOME FUND LP,2200000,True,1760000
612 JUANITA AVE LLC,ARIXA ENHANCED INCOME FUND LP,2200000,True,1760000
MS83 INVESTMENTS LLC,GENESIS CAPITAL LLC,450000,True,423000
START REMODELING LLC,PENDERGAST MARIA,500000,True,500000
305 AUTO ADVERTISING INC,LOAN FUNDER LLC,625000,True,553500
KS AND HS INC,HL3 SIERRA LLC,897500,True,628200
LYUWG INVESTMENT LLC,BLUEBONO LLC,1065000,True,843700
ALL CASH BABY LLC,KIAVI FUNDING INC,1075000,True,1069800
VJM LLC,STERK INVS INC,570000,True,484000
1158-1160 W 37TH STREET LLC,CALIFORNIA CREDIT UNION,3700000,True,1850000
LOS TRES CABALLEROS LLC,KIAVI FUNDING INC,750000,True,745000
12422 PACIFIC LLC,LOGAN FINANCE CORPORATION,1300000,True,1039999
LONDON DAIRY CO LLC,GENESIS CAPITAL LLC,2900000,True,3308000
TAPE AND MUD LLC,NG RAYMOND,475000,True,460000
LYONZDEN INVESTMENTS,ORCHARD FUNDING,640000,True,652500
CHIMAY ENTERPRISES LLC,ANCHOR LOANS LP,890000,True,1070949
LA23L LLC,WHGG TRUST,2100000,True,3112360
367 LA JOLLA LLC,BARH DUNMORE LLC,1900000,True,2720000
RUBY SLIPPERS PPV LLC,LOEBL STEPHEN,3295000,True,2471000
FIFTY THREE CASE LLC,FUTUREPROOFING LLC,370000,True,375000
PC REAL ESTATE INVESTMENTS LLC,KIAVI FUNDING INC,965000,True,1086000
TUP 3754 HARVARD HOUSING LLC,CONVENTUS LLC,900000,True,720000
EQUITY PREMIUM INVESTMENTS INC,REAL PROP FUNDING GROUP LLC,850000,True,800000
ARRIVL FLIP LLC,CENTER STREET LNDG VIII SPE LL,1700000,True,1800000
3558 GREENFIELD LLC,LEGACY LENDING LLC,1175000,True,1997500
TRUMIKA CORPORATION,NATIONAL LOAN FUNDING LLC,785000,True,706000
AMI CAPITAL LLC,QUANTA FINANCE INC,825000,True,1026250
GI PROPERTY 93 LLC,QUANTA FINANCE INC,1300000,True,1860246
AFFORDABLE PRO HOMES & INVESTMENTS LLC,KIAVI FUNDING INC,846000,True,1042600
4J ST THERESA LLC,ARCHWEST FUNDING LLC,1150000,True,920000
H1 UNDERGROUND LLC,CENTER STREET LNDG VIII SPE LL,800000,True,1382880
3320 STONER AVE LLC,PRIDECO LOANS INC,1325000,True,1340000
RADICAL ENTERPRISES INC,ASPEN RETIREMENT FUND LLC,500000,True,520000
5 STAR FUND II LLC,ARIXA ENHANCED INCOME FUND LP,926000,True,3055000
COKO LLC,EASY STREET CAPITAL CA LLC,880000,True,895433
JOSHUA DELL DEVELOPMENT LLC,CENTER STREET LNDG VIII SPE LL,950000,True,894196
RAN REAL ESTATE GROUP,ANCHOR LOANS LP,1010000,True,1393987
801 WATERLOO PARTNERS LP,GENESIS CAPITAL LLC,2500,True,928125
URBAN CITIES DEVELOPMENT INC,CM INC MPPP,375000,True,747000
AVOCADO DEVELOPMENT LLC,CENTER STREET LNDG VIII SPE LL,2362500,True,2658060
FG HOMES LLC,QUANTA FINANCE INC,833500,True,908475
EWA CAPITAL LLC,HL3 SIERRA LLC,1025000,True,1182500
DREAMERS INVESTMENT LLC,QUANTA FINANCE INC,760000,True,746000
WRT INVESTMENTS INC,ANCHOR LOANS LP,492500,True,633250
BRIARWOOD DEVELOPMENTS LLC,KIAVI FUNDING INC,1675000,True,1974000
HP MODERN LLC,MO FINANCIAL INC,1381000,True,1500000
TX RE OPPORTUNITY 0522 LLC,PARK PLACE FINANCE LLC,680000,True,665607
CLOVEWORTH LLC,RDCS INC,1310000,True,278365
VIKINGA LLC,ORCHARD FUNDING,1300000,True,1536800
CFRDD1 LLC,CONVENTUS LLC,1344000,True,1300000
MS83 INVESTMENTS LLC,GENESIS CAPITAL LLC,470000,True,423000
CALCOM SOLUTIONS INC,KIAVI FUNDING INC,470000,True,670800
RADICAL ENTERPRISES INC,ASPEN RETIREMENT FUND LLC,485000,True,506500
TRINIDAD WEST COAST INVESTMENTS LLC,EASY STREET CAPITAL CA LLC,525000,True,433125
4021 BEETHOVEN HOLDING LLC,HL3 SIERRA LLC,1250000,True,1435900
TUKASA INC,ANCHOR LOANS LP,655000,True,865500
ASIC INVESTMENTS INC,ANCHOR LOANS LP,720000,True,750000
TWO WORLDS II PRESERVATION LIMITED PARTNERSHI,LUMENT REAL ESTATE CAPITAL LLC,1475000,True,14945000
TWO WORLDS II PRESERVATION LIMITED PARTNERSHI,LUMENT REAL ESTATE CAPITAL LLC,1475000,True,14945000
TUP HOLDINGS INC,EAST WEST BANK,2501000,True,1625000
TWO WORLDS II PRESERVATION LIMITED PARTNERSHI,LUMENT REAL ESTATE CAPITAL LLC,1844000,True,14945000
3181 CARLYLE LLC,KIAVI FUNDING INC,745000,True,1010400
RIGHT CHOICE INVESTMENT GROUP LLC,PARK PLACE FINANCE LLC,1700000,True,1670992
SOBREMESA LLC,HOMETOWN EQUITY MORTGAGE LLC,780000,True,585000
AUSAR ECONOMIC DEVELOPMENT CORPORATION,ALLIANCE FINANCIAL MANAGEMENT,2395000,True,2770000
EAST SIDE PROPERTIES INC,FIDELITY ONE INVESTMENT TRUST,585000,True,602550
BUNGALOWE LLC,PRIDECO LOANS INC,855000,True,1025000
MR REHAB INC,KIAVI FUNDING INC,760000,True,697000
CHOCTAW AMERICAN INSURANCE INC,LAND HOME FIN'L SERVICES INC,732000,True,707569
GARCIA CORTEZ PLASTERING INC,KIAVI FUNDING INC,440000,True,446200
JD WESTERN PARTNERS LLC,KIAVI FUNDING INC,640000,True,448000
1556 GENESEE LLC,MIDFIRST BANK,1225000,True,918750
MOVEMENT INVESTMENTS LLC,KIAVI FUNDING INC,1110000,True,1159650
FIRST COME UP LLC,KIAVI FUNDING INC,800000,True,910800
PAN PARTNERSHIP INC,VELOCITY COMMERCIAL CAP LLC,560000,True,915000
5 STAR DISCOUNT HOMES LLC,LOCKFORD FIN'L LLC,460000,True,700000
IBUY HOMES LLC,ANCHOR LOANS LP,1100000,True,1190000
ORHYAN CAPITAL MANAGEMENT LLC,COREVEST AMERICAN FIN LNDR LLC,1225000,True,1132500
DAFINITY COMPANIES LP,GENESIS CAPITAL LLC,1725000,True,2029379
OCEAN DEVELOPMENT INC,RAHM DAVID,570000,True,970000
EQUITY UNIVERSAL LLC,CHANGE LENDING LLC,544000,True,435200
PYRAMID INVESTMENTS INC,LIMA ONE CAPITAL LLC,404000,True,433375
DRH RE GROUP LLC,CENTER STREET LNDG VIII SPE LL,795000,True,838550
RNE DEVELOPMENT LLC,VERUS RESIDENTIAL LOANCO LLC,1500000,True,1125000
LIVE RAD LLC,ALI AKBAR KHOSHNEVIS RAD AND M,1264000,True,1020000
CLEARPOINT INVESTMENT GROUP LLC,IRON BRIDGE MORTGAGE FUND LLC,447000,True,456000
KJT PROPERTIES LLC,FRANCIS RLTY INC PROFIT SHARIN,550000,True,365000
ROYDEN INVESTEMENT LLC,EQUITY SMART HOME LOANS INC,1100000,True,715000
FVR GROUP THIRTEEN LLC,HL3 SIERRA LLC,1110000,True,999000
DOGTOWN MODERN LLC,ANCHOR LOANS LP,1055000,True,949500
777 APARTMENT MANAGEMENT LLC,CONVENTUS LLC,1280000,True,1020000
KALAN INVESTMENTS LLC,LBC CAP INCOME FUND SPE 1 LLC,670000,True,469000
MOPANE INVESTMENTS LLC,INVESTOR MORTGAGE FINANCE LLC,650000,True,487500
PAN PARTNERSHIP INC,VELOCITY COMMERCIAL CAP LLC,641000,True,1002900
1606 KINGSLEY HOLDING LLC,QUANTA FINANCE INC,1185000,True,1736040
1095 NK AVENUE LLC,HSBC BANK USA NA,3295000,True,2636000
KPH PARTNERS LLC,ANCHOR LOANS LP,1025000,True,1206275
90006 SNH LLC,LOGAN FINANCE CORPORATION,630000,True,472500
TULE RIVER HOMEBUYER EARNED EQUITY AGENCY,PANORAMA MORTGAGE GROUP LLC,854000,True,838531
AMP PROPERTIES LIC,LOAN STORE INC,1120000,True,896000
STECK SUNSET 26 LLC,BANK OF AMERICA NA,5145000,True,2500000
DREAMERS INVESTMENTS LLC,CENTER STREET LNDG VIII SPE LL,586000,True,600000
THERAPEUTIC PLAY FOUNDATION INC,KAUAI SONG LLC,1210000,True,786500
EWA HOLDINGS LLC,HL3 SIERRA LLC,930000,True,837000
DMORCITO LLC,LIMA ONE CAPITAL LLC,590000,True,525000
DMORCITO LLC,LIMA ONE CAPITAL LLC,590000,True,525000
3929 BRIGHTON STREET LLC,SPREO CAPITAL MANAGER LLC,610000,True,790500
MF REAL ESTATE INVESTMENT LLC,CHURCHILL FUNDING I LLC,1658000,True,1984000
1857 WORKMAN LLC,KIAVI FUNDING INC,617500,True,555300
FIDELITY MANAGEMENT & CONSTRUCTION INC,ALAN R DAVIDSON TRUST,452000,True,385000
KRAMERWOOD PROPERTIES LLC,CV3 FINANCIAL SERVICES LLC,2000000,True,1360000
KRAMERWOOD PROPERTIES LLC,CV3 FINANCIAL SERVICES LLC,2150000,True,1499000
KRAMERWOOD PROPERTIES LLC,CV3 FINANCIAL SERVICES LLC,1900000,True,1272000
I BUY UGLY HOMES INC,IRON BRIDGE MORTGAGE FUND LLC,450000,True,405000
RONUS INC,KIAVI FUNDING INC,845000,True,760500
FVR GROUP TWELVE LLC,HL3 SIERRA LLC,1420000,True,1275000
AMI CAPITAL LLC,QUANTA FINANCE INC,1350000,True,1930500
SV HOMES LLC,KIAVI FUNDING INC,1000000,True,1142400
6516 W 82ND ST LLC,CHAMPIONS FUNDING LLC,1205000,True,900000
1515 BLAKE LLC,SPREO CAPITAL MANAGER LLC,900000,True,1672000
1515 BLAKE LLC,SPREO CAPITAL MANAGER LLC,900000,True,1672000
OCEAN DEVELOPMENT INC,TOM J THOMAS CHARITABLE REMAIN,460000,True,824000
MAW GLOBAL CORP,BENCH EQUITY LLC,490000,True,392000
SHERIDAN ONE LLC,SPREO CAPITAL MANAGER LLC,675000,True,888000
ARRIVI FLIP LLC,CENTER STREET LNDG VIII SPE LL,1875000,True,2006370
GSI INVESTMENT LLC,DEEPHAVEN MORTGAGE LLC,1250000,True,1000000
REGINA FALLER LLC,PNC BANK NATIONAL ASSOCIATION,3600000,True,2250000
3159 IVY LLC,GENESIS CAPITAL LLC,900000,True,919000
DLUCKY INC,LAMB DEVELOPMENT LLC,535000,True,360000
4J ST THERESA LLC,ARCHWEST FUNDING LLC,1270000,True,1016000
FOCUS INVESTMENT LLC,KIAVI FUNDING INC,1130000,True,910000
EWA CAPITAL LLC,HL3 SIERRA LLC,290000,True,361000
OCEAN DEVELOPMENT INC,TOM J THOMAS LIVING TRUST,455000,True,1000000
CATERRA PROPERTY 1 LLC,SPREO CAPITAL MANAGER LLC,650000,True,843400
AGILE TRANSFORMATION GROUP LLC,KIAVI FUNDING INC,705000,True,742400
RECHAR ENTERPRISES LLC,KIAVI FUNDING INC,515000,True,626200
EQUITY OPPORTUNITIES LLC,SCHAEFER FIN'L SERVICES INC,1550000,True,300000
ONWARD CAPITAL LLC,GENESIS CAPITAL LLC,1040000,True,884000
B & B LEGACY LLC,KIAVI FUNDING INC,1100000,True,1245500
VISTA PROPERTY LLC,LENDINGONE LLC,1450000,True,1551500
IHOMES 26 LLC,BANK OF AMERICA NA,2595000,True,1673750
2440MV LLC,ARIXA ENHANCED INCOME FUND LP,1900000,True,3600000
BYE BYE HOUSE INC,CENTER STREET LNDG VIII SPE LL,515000,True,632833
LOYAL LENDING,REAL PROP FUNDING GROUP LLC,576500,True,500000
2215 WELLESLEY HOLDINGS LLC,ORANGE LAND INVESTMENTS LLC,2500000,True,1750000
ESAAM LIMITED CORP,ANCHOR LOANS LP,1710000,True,1902735
MALKKOT LLC,EAST WEST BANK,1049000,True,600000
DI NALLI CONSULTING LLC,COLORADO FEDERAL SAVINGS BANK,1595000,True,2210000
DOUBLE EAGLE INVESTMENTS LLC,STIFEL BANK AND TRUST,1400000,True,980000
ALDAMA ACQUISITIONS LLC,ROBERT DACQUISTO IRA ACCOUNT I,950000,True,750000
5 STAR DISCOUNT HOMES LLC,ARIXA ENHANCED INCOME FUND LP,555000,True,1200000
GOLDEN RULE LENDING LLC,GOLDEN RULE LENDING LLC,35000,True,5000
MILLENIAL INVESTMENTS LLC,KIAVI FUNDING INC,660000,True,594000
TLP 1 LLC,GENESIS CAPITAL LLC,1585000,True,1668602
NEW BEGINNINGS VENTURES LLC,HL3 SIERRA LLC,970000,True,962500
2200 BALSAM LLC,BANK OF AMERICA NA,2000000,True,1300000
CDY SOLAR ENERGY INVESTMENTS LLC,ASTIN CARR & CO,450000,True,406000
SP 1018 79TH LLC,ARCHWEST FUNDING LLC,650000,True,520000
CALIFORNIA SOLD INC,DIAZ WILLIAM,400000,True,400000
OCEAN DEVELOPMENT INC,PARRIS STEVEN,555000,True,800000
LOS HERMANOS VENTURES LLC,KIAVI FUNDING INC,435000,True,618100
UWR CAPITAL PARTNERS LLC,DEEPHAVEN MORTGAGE LLC,2030000,True,1500000
MURRMAN LLC,ANCHOR LOANS LP,2050000,True,2250000
DAOL SDR LLC,EAST WEST BANK,3500000,True,1950000
DAOL SDR LLC,EAST WEST BANK,3500000,True,1950000
DAOL SDR LLC,EAST WEST BANK,3500000,True,1950000
DAOL SDR LLC,EAST WEST BANK,3500000,True,1950000
DAOL SDR LLC,EAST WEST BANK,3500000,True,1950000
DAOL SDR LLC,EAST WEST BANK,3500000,True,1950000
DAOL SDR LLC,EAST WEST BANK,3500000,True,1950000
DAOL SDR LLC,EAST WEST BANK,3500000,True,1950000
DAOL SDR LLC,EAST WEST BANK,3500000,True,1950000
L & E FLIPS LLC,DIVERSIFIED INCOME STRATEGY FU,435000,True,348000
LOUD LTD,KIAVI FUNDING INC,750000,True,927300
7833 DENROCK LLC,ARIXA ENHANCED INCOME FUND LP,1380000,True,1173000
DUNN DEVELOPMENT II LLC,ARCHWEST FUNDING LLC,660000,True,1820700
SPK ENTERPRISES LLC,LONE OAK FUND LLC,1200000,True,2630000
SPK ENTERPRISES LLC,LONE OAK FUND LLC,1200000,True,2630000
SPK ENTERPRISES LLC,LONE OAK FUND LLC,1200000,True,2630000
SPK ENTERPRISES LLC,LONE OAK FUND LLC,1200000,True,2630000
SPK ENTERPRISES LLC,LONE OAK FUND LLC,1200000,True,2630000
SPK ENTERPRISES LLC,LONE OAK FUND LLC,1200000,True,2630000
RAZD 14 INC,TRILION CAPITAL FUND LLC,700000,True,557000
DUNROY GROUP LLC,COMMERCE BANK,2000000,True,1250000
TELOS PROPERTIES INC,LA PROPERTY,820000,True,2000000
NELA VALUE FUND I INC,KIAVI FUNDING INC,1300000,True,1419900
LYONZDEN INVESTMENTS INC,ORCHARD FUNDING,575000,True,594450
3A PARC LLC,SPREO CAPITAL MANAGER LLC,2200000,True,2560000
MOON REI LLC,COREVEST AMERICAN FIN LNDR LLC,2450000,True,2656150
RUFUSS II INC,ANCHOR LOANS LP,650000,True,425000
HOME INVESTMENTS LOS ANGELES LLC,EAST STREET CAPITAL CA LLC,660000,True,610232
LUMIER LLC,RGE ENTERPRISES INC,480000,True,432000
REDUXN INVESTMENTS LLC,MARSHALL REDDICK MTG FUND LLC,815000,True,762500
HAYWORTH AVE 1568 S LLC,PARTNERS CAP SOL REIT I LLC,1650000,True,2400000
G & F PROPERTY INVESTMENTS INC,NCL EAGLEPOINT INVESTMENTS LLC,571500,True,300000
KSLEE INC,F&A SERVICES INC,850000,True,600000
AREA OBJECTIVE CA LLC,CONVENTUS LLC,2000000,True,2422400
MR REHAB INC,KIAVI FUNDING INC,1075000,True,1021200
GOLDEN STREET INVESTMENTS,REYNOLDS FAMILY TRUST,850000,True,645000
GOLDEN STREET INVESTMENTS,REYNOLDS FAMILY TRUST,850000,True,645000
OCEAN DEVELOPMENT INC,FORGE TRUST CO,525000,True,700000
FPG ECHO PARK PROPERTY LLC,JPMORGAN CHASE BANK NA,2400000,True,1645000
160 S CITRUS LLC,MORGAN STANLEY PVT BANK NA,1838500,True,1378687
SOCAL INNOVATIVE GROUP LLC,INVESTORS FIRST CHOICE,1750000,True,1560000
2536 MEDLOW HOLDING LLC,QUANTA FINANCE INC,1150000,True,1536850
L & A FINANCIAL GROUP LLC,VONTIVE INC,400000,True,463356
OCEAN DEVELOPMENT INC,WHITE FENCE FARMS LLC,575000,True,650000
COKO CLUB LLC,ORCHARD FUNDING,320000,True,346230
GOOD MOOD STUDIO INC,KIAVI FUNDING INC,619000,True,525900
LYONZDEN INVESTMENTS,ORCHARD FUNDING,502000,True,513000
3923 REVERE AVE LLC,RCN CAPITAL LLC,1275000,True,1647500
PERSEPOLIS PARTNERS LLC,VISTA POINT MORTGAGE LLC,1148500,True,918666
PERSEPOLIS PARTNERS LLC,VISTA POINT MORTGAGE LLC,1165000,True,660000
PERSEPOLIS PARTNERS LLC,VISTA POINT MORTGAGE LLC,1148500,True,918666
DS & CO INC,KIAVI FUNDING INC,485000,True,564600
VIZCA LLC,WOJTASZEK DAVID,1695000,True,1271250
GI PROPERTY 91 LLC,INFINITY BANK,1150000,True,805000
5200 ST ANDREWS OWNER LLC,LOAN FUNDER LLC,485000,True,561500
MDP1 LLC,ARIXA ENHANCED INCOME FUND LP,1900000,True,1330000
HOUSUP LLC,C & W INVESTMENT GROUP LLC,1600000,True,1200000
CRESPO HOLDINGS CO LLC,ORCHARD FUNDING,400000,True,450000
MS83 INVESTMENTS LLC,GENESIS CAPITAL LLC,475000,True,409500
441 N CLIFFWOOD LLC,BMO BANK NA,11600000,True,6960000
217 N PARK VIEW LLC,ANCHOR LOANS LP,1150000,True,862500
AV REAL ESTATE DEVELOPMENT LLC,CV3 FINANCIAL SERVICES LLC,1255000,True,1420466
EWA CAPITAL LLC,HL3 SIERRA LLC,850000,True,840000
DEASO HOLDINGS LLC,EQUITY TRUST CO,1620000,True,1200000
CORONA SANCTUARY LLC,LOAN FUNDER LLC,1075000,True,1253500
MOIYO PROPERTIES LLC,GENESIS CAPITAL LLC,1610000,True,1687500
859 MANSFIELD LLC,ARIXA ENHANCED INCOME FUND LP,1550000,True,2250000
RHERRERA AND THE KIDS LLC,KIAVI FUNDING INC,465000,True,518800
1306 W MARTIN LUTHER KING JR BLVD LLC,AMERITRUST MTG CORPORATION,850000,True,680000
WOLFPAK INVESTMENTS INC,ANA P RODRIGUEZ MARITAL TRUST,430000,True,395000
FG HOMES LLC,QUANTA FINANCE INC,925000,True,936250
FG HOMES LLC,QUANTA FINANCE INC,925000,True,936250
WEST COAST HOME BUYERS AJ LLC,RFLF 4 LLC,735000,True,709750
CHIMAY ENTERPRISES LLC,ANCHOR LOANS LP,850000,True,978243
EVERRISE PROPERTY STRATEGIES LLC,KIAVI FUNDING INC,380000,True,442100
UNCHARTED HOMES LLC,LOAN FUNDER LLC,1305000,True,1365000
5933 COMEY LLC,ANCHOR LOANS LP,950000,True,760000
TLP1 LLC,KIAVI FUNDING INC,1350000,True,1250000
FAIR HOME BUYERS LLC,GENESIS CAPITAL LLC,1176000,True,1481150
RUAH PROPERTIES LLC,GENESIS CAPITAL LLC,625000,True,562500
DANNY REYES INVESTMENTS LLC,LUXURY MORTGAGE CORP,1340000,True,938000
CHIMAY ENTERPRISES LLC,ANCHOR LOANS LP,724000,True,916958
777 APARTMENT MANAGEMENT LLC,CONVENTUS LLC,1200000,True,893250
SANTA MESA LEGACY CREATIONS LLC,KIAVI FUNDING INC,425000,True,401200
DU INVESTMENT FUND I LLC,FARSHADFAR DANNY,1750000,True,1100000
1644 GOLDEN GATE LLC,GENESIS CAPITAL LLC,1050000,True,1494000
HM HOMES INC,COREVEST AMERICAN FIN LNDR LLC,730000,True,1052500
GIBSON HOUSE LLC,VISTA POINT MORTGAGE LLC,630000,True,782556
UNDERDOG AMERICA LLC,RTSK PARTNERS LLC,1175000,True,744250
DELLANIMA LLC,WELLS FARGO BANK NA,3780000,True,2986200
AXOS PROPERTIES INCORPORATED,KIAVI FUNDING INC,400000,True,487500
MD SELECT PORTFOLIO LLC,COREVEST AMERICAN FIN LNDR LLC,915000,True,990000
RECR8 INC,CENTER STREET LNDG VIII SPE LL,950000,True,1087500
VINCULUM MUSIC LLC,ARIXA CAPITAL ADVISORS LLC,2750000,True,2375000
NEIGHBORHOOD HOME OFFER LLC,KIAVI FUNDING INC,620000,True,644600
MANDEVILLE OASIS PARTNERS LLC,GENESIS CAPITAL LLC,4900000,True,3920000
NEXT STEP LLC,JEWEL NEVADA LLC,935000,True,900000
GI PROPERTY 96 LLC,INFINITY BANK,925000,True,647500
ABN ACQUISITIONS LLC,KIAVI FUNDING INC,662000,True,812600
JEK EQUITY & INVESTMENTS LLC,KIAVI FUNDING INC,520000,True,589200
VAHAN SARKISSIAN INC,AIAA HOME HOLDINGS LLC,1020000,True,600000
APEX AVENUE LLC,CITY NATIONAL BANK,1220000,True,793000
AMI CAPITAL LLC,QUANTA FINANCE INC,875000,True,1049625
WRT INVESTMENTS INC,ANCHOR LOANS LP,500000,True,520000
CRESPO HOLDINGS CO LLC,ORCHARD FUNDING,558000,True,574200
HAVERSTOCK RD LLC,ANCHOR LOANS LP,679000,True,1115775
8029 EL MANOR AVE LLC,DCB INVESTMENTS LLC,1850000,True,750000
LA21X LLC,ARIXA ENHANCED INCOME FUND LP,2400000,True,2860000
MR REHAB INC,LEGACY LENDING LLC,800000,True,720000
CHAHAL SHAH ESTATE LLC,E MORTGAGE CAPITAL INC,1425000,True,926250
EIFFEL INVESTMENT LLC,GENERAL MORTGAGE CAPITAL CORP,850000,True,595000
LUCERNE LIVING LLC,MELWANI SHERRY,950000,True,150000
DAVIS PROPERTY DEVELOPEMNT LLC,KIAVI FUNDING INC,665000,True,719700
10436 CHEVIOT LLC,LOAN FUNDER LLC,2500000,True,2660000
DOUBLE EAGLE INVESTMENTS LLC,STIFEL BANK AND TRUST,1000000,True,750000
MAD CAPITAL LLC,GENESIS CAPITAL LLC,975000,True,877500
APENCO LLC,DAVID AND ROBIN BERGER INTER V,350000,True,300000
SSHT REAL ESTATE LLC,3STEPS LIMITED,670000,True,420000
OCEAN DEVELOPMENT INC,FORGE TRUST CO,765000,True,600000
EWA CAPITAL LLC,HL3 SIERRA LLC,849500,True,906200
48TH PLACE LLC,EMPORIUM TPO LLC,725000,True,580000
FIRST SKY PROPERTIES LLC,LOAN FUNDER LLC,1550000,True,1565955
TESORO JOY LLC,KIAVI FUNDING INC,625000,True,749600
2370 KELTON AVE LLC,LOAN FUNDER LLC,1300000,True,1755000
HACKNEY DIAMONDS LLC,BANK OF AMERICA NA,2908000,True,2326400
RHERRERA AND THE KIDS LLC,KIAVI FUNDING INC,510000,True,536200
BONGA BEAR LLC,CITIBANK NA,1235000,True,976270
BM CAPITAL LLC,JPMORGAN CHASE BANK NA,12751000,True,7000000
5308 VICTORIA HOLDING LLC,QUANTA FINANCE INC,780000,True,1012563
FG HOMES LLC,QUANTA FINANCE INC,677500,True,775875
1677 HARVARD LLC,GEORGE GERONSIN DEFINED BENEFI,1550000,True,900000
AMI CAPITAL LLC,QUANTA FINANCE INC,750000,True,802500
PICKLEBALLERS SOCIAL INC,RM ENTERPRISES LLC,1035000,True,825000
KING CAPSULE CORP INC,KIAVI FUNDING INC,500000,True,599900
UPFRONT HOME BUYERS LLC,ROBERT E MOEHLMAN TRUST,575000,True,605000
ELYSIAN INNOVATIONS LLC,KIAVI FUNDING INC,895000,True,1016000
AVRO PROPERTIES LLC,KIAVI FUNDING INC,1200000,True,1072500
JEK EQUITY & INVESTMENTS LLC,KIAVI FUNDING INC,770000,True,807500
KYLEB ESTATES LLC,KIAVI FUNDING INC,995000,True,1031300
FIFTY-THREE CASE LLC,KIAVI FUNDING INC,925000,True,952700
LAJOMA CORPORATION,ANCHOR LOANS LP,460000,True,414000
MOPANE INVESTMENTS LLC,LENDINGONE LLC,760000,True,570000
TULE RIVER HOMEBUYER EARNED EQUITY AGENCY,PANORAMA MORTGAGE GROUP LLC,1200000,True,1159950
LA21G LLC,GENESIS CAPITAL LLC,1430000,True,2373386
PERFECT DESIGN PRO LLC,CA TD INVESTMENTS INC,1400000,True,1000000
SUNLAND HILLS LLC,HELAINA PROPERTIES LLC,1950000,True,204841
4989 VINCENT LLC,KIAVI FUNDING INC,1215000,True,1387400
4541 MELBOURNE LLC,ARIXA ENHANCED INCOME FUND LP,1215000,True,2150000
GI PROPERTY 97 LLC,CONVENTUS LLC,915000,True,1091160
EWA CAPITAL LLC,HL3 SIERRA LLC,830000,True,848500
NOBLE SHELTER LLC,GENESIS CAPITAL LLC,950000,True,1050000
BLT PROPERTIES SGV LLC,ANCHOR LOANS LP,1670000,True,1693340
MS83 INVESTMENTS LLC,GENESIS CAPITAL LLC,510000,True,459000
OCEAN DEVELOPMENT INC,MARK J CASTELLANET IRA,620000,True,720000
LA21X LLC,ARIXA ENHANCED INCOME FUND LP,1925000,True,2688000
OCCIDENTAL RENTALS LLC,GREENBOX LOANS INC,2100000,True,1400000
VILLAS REAL ESTATE LLC,LOAN FUNDER LLC,620000,True,609500
WISE INVESTMENTS LLC,REAL PROP FUNDING GROUP LLC,740000,True,945000
EWA CAPITAL LLC,HL3 SIERRA LLC,960000,True,1064000
OIKOS REAL ESTATE,KIAVI FUNDING INC,645000,True,657900
HARBOR HOMES LLC,INVESTORS CHOICE,755000,True,697000
BELS DESIGN LLC,JAZZ REINSURANCE COMPANY,980000,True,958900
DUNN DEVELOPMENT II LLC,CENTER STREET LNDG VIII SPE LL,579500,True,1257000
DIN DOH MO LA1 LLC,CONVENTUS LLC,802500,True,641680
S & A SOLUTIONS LLC,CENTER STREET LNDG VIII SPE LL,1320000,True,1373580
3A PARC LLC,SPREO CAPITAL MANAGER LLC,2175500,True,2515000
ERIC LOWELL JAMES ANTHONY LLC,JPMORGAN CHASE BANK NA,4300000,True,1950000
GI PROPERTY 87 LLC,ANCHOR LOANS LP,900000,True,540000
3613 INGLEWOOD LLC,GENESIS CAPITAL LLC,1700000,True,1360000
2355 GLOVER LLC,SPREO CAPITAL MANAGER LLC,900000,True,1604000
RUAH PROPERTIES LLC,TWIN CAPITAL INCOME FUND LLC,675000,True,520000
LA21X LLC,ARIXA ENHANCED INCOME FUND LP,1650000,True,2300000
345 S HUDSON AVE LLC,JPMORGAN CHASE BANK NA,21000000,True,14700000
MOPANE INVESTMENTS LLC,LENDINGONE LLC,650000,True,520000
2671 ANCHOR AVE LLC,ANCHOR LOANS LP,2500000,True,2000000
LOS TILOS LLC,CENTER STREET LNDG VIII SPE LL,2295000,True,2460750
HORIZON HOMES LLC,CENTER STREET LNDG VIII SPE LL,825000,True,952500
TWO LOLETA LLC,LEGACY LENDING LLC,992000,True,1143200
SOMLO HOLDINGS LLC,CENTER STREET LNDG VIII SPE LL,485000,True,656500
DOS NOCHES INVESTMENTS LLC,POWER EXPRESS MORTGAGE BANKERS,2003500,True,1302000
WOLFPAK INVESTMENTS INC,ZEOLLA MARBLE COMPANY INC,1200000,True,1000000
LA DESIGNER HOMES LLC,TALIMAR INCOME FUND I LLC,632000,True,663125
RHEMA 12 LLC,KIAVI FUNDING INC,440000,True,552700
NAVY ESTATE GROUP LLC,JPMORGAN CHASE BANK NA,5145000,True,4116000
ALEXIS RE HOLDINGS INC,TISHERMAN FAMILY TRUST,975000,True,750000
2536 W 5TH LLC,NEW WAVE LENDING GROUP INC,900000,True,585000
KAHAL CHASIDIM SHEARIS YAAKOV,ABLE INVESTMENT SERVICES LLC,1900000,True,1235000
LA21X LLC,ARIXA CAPITAL ADVISORS LLC,2150000,True,2750000
SOCIETE DE DEVELOPPEMENT IMMOBILIER SDI LLC,KIAVI FUNDING INC,1000000,True,1150000
NELA VALUE FUND I INC,KIAVI FUNDING INC,1750000,True,1688900
HARVARD APTS LLC,FINANCIAL PARTNERS CU,1100000,True,825000
CASA COMMON LLC,KIAVI FUNDING INC,800000,True,794900
4161 SUNNYSIDE LLC,GHANNADI JAMAL,1295000,True,1500000
GREEN MONARCH INVESTMENT CORP,VELARDE FAMILY TRUST,1035000,True,725000
KEYSTONE CAPITAL PARTNERS LLC,QUANTA FINANCE INC,1900000,True,2010000
ACE NIGHTINGALE LLC,D & A INTERNATIONAL INVESTMENT,21000000,True,9700000
OCEAN DEVELOPMENT INC,GLADIEUX KEITH,570000,True,500000
1531E92NDST LLC,HOMEXPRESS MORTGAGE CORP,1140000,True,855000
GI PROPERTY 90 LLC,CONVENTUS LLC,1135000,True,1349501
ALEXIS RE HOLDINGS INC,APEX PROCESS SYSTEMS PROFIT SH,1110000,True,1230000
PERCY ST LLC,FINANCIAL PARTNERS CU,2500000,True,1560000
DT ENTERPRISES LLC,CENTER STREET LNDG VIII SPE LL,845000,True,815850
PROPERTIES4YOU LLC,GENESIS CAPITAL LLC,890000,True,801000
BRIARWOOD DEVELOPMENTS LLC,KIAVI FUNDING INC,1675000,True,1999900
SOCAL INNOVATIVE GROUP LLC,PARK PLACE FINANCE LLC,1980000,True,1890000
SOCAL CONSTRUCTION GROUP INC,M & A ENTERPRISE LLC,535000,True,535000
COIN ARK W 18TH ST LLC,US BANK NATIONAL ASSOCIATION,3275000,True,1680000
FVR GROUP ONE LLC,LOAN FUNDER LLC,920000,True,927500
FAT INVESTMENTS LLC,ANCHOR LOANS LP,1850000,True,2206480
EDUD INVESTMENTS LLC,LONE OAK FINANCIALS LLC,26000000,True,10000000
LAJOMA CORPORATION,ANCHOR LOANS LP,640000,True,576000
F & S LAND CO LLC,FIRST CHOICE FUNDING INC,640000,True,544000
LAJOMA CORPORATION,ANCHOR LOANS LP,670000,True,603000
COASTAL OAK CAPITAL INE,KIAVI FUNDING INC,590000,True,606000
RUAH PROPERTIES LLC,TWIN CAPITAL INCOME FUND LLC,680000,True,540000
PARADIGM COLLABORATION LLC,CENTER STREET LNDG VIII SPE LL,885000,True,1120000
SIMPLE BUY LLC,COREVEST AMERICAN FIN LNDR LLC,1000000,True,1095000
ATLANTIC PACIFIC REDEVELOPMENT LLC,ANCHOR LOANS LP,1080000,True,1320931
HOUSE OF ROLISON LLC,SPRCO CAPITAL MANAGER LLC,2850000,True,3000000
R & K MGMT FIRM INC,OCMBC INC,525000,True,420000
ANGEL INVESTMENTS LLC,INVESTORS CHOICE,763500,True,490000
J MARQZ INVESTMENTS LLC,LOAN FUNDER LLC,2008500,True,2144955
LUXUM CAPITAL LLC,LOAN FUNDER LLC,750000,True,907000
LA LEGEND BUILDERS LLC,SPREO CAPITAL MANAGER LLC,670000,True,854500
AMI CAPITAL LLC,QUANTA FINANCE INC,910000,True,1201700
KLT INVESTMENT GROUP LLC,SUMMIT CAP LLC PENSION PLAN,920000,True,552000
GOOD MOOD STUDIO INC,KIAVI FUNDING INC,345000,True,270000
500 ODT LLC,ARIXA ENHANCED INCOME FUND LP,685000,True,1315000
B1-2-B1 INVESTMENTS INC,KIAVI FUNDING INC,660000,True,792900
SELESTIAL JOY LLC,EAST WEST BANK LOAN SERVICING,530000,True,450000
DB RESIDENTIAL LLC,CONVENTUS LLC,700000,True,630000
SHUFU LLC,LOAN FUNDER LLC,1230000,True,1257000
HH & TJY INVESTMENT CO,HL3 SIERRA LLC,1200000,True,1080000
LOS ANGELES PARTNERSHIP LLC,KIAVI FUNDING INC,755000,True,787400
MS83 INVESTMENTS LLC,GENESIS CAPITAL LLC,440000,True,396000
MS83 INVESTMENTS LLC,GENESIS CAPITAL LLC,450000,True,405000
ASCEND EQUITY HOLDINGS LLC,DIVERSIFIED INCOME STRATEGY FU,987500,True,1017000
HOME INVESTMENTS LOS ANGELES LLC,EASY STREET CAPITAL CA LLC,640000,True,541140
LUX MANAGEMENT II LLC,EMPORIUM TPO LLC,525000,True,393750
5911 MIRAMONTE LLC,BARH DUNMORE LLC ISAOA,820000,True,1616160
LUNA FLIP LLC,QUANTA FINANCE INC,435000,True,466725
PROVIDENT INVESTMENTS LLC,CENTER STREET LNDG VIII SPE LL,570000,True,521500
FIFTY-THREE CASE LLC,OCMBC INC,1750000,True,1400000
GO LOS ANGELES PARTNERSHIP LLC,KIAVI FUNDING INC,720000,True,757400
TREC BUILDERS LLC,CV3 FINANCIAL SERVICES LLC,840000,True,1063890
LA21X LLC,ARIXA ENHANCED INCOME FUND LP,2000000,True,3000000
STAYINLA LLC,ALLIED LENDING GROUP INC,740000,True,592000
4309 TOLAND WAY LA LLC,HOUSEMAX FUNDING LLC,1850000,True,2068800
MD SELECT PORTFOLIO LLC,KIAVI FUNDING INC,1100000,True,1147700
TLP 1 LLC,CENTER STREET LNDG VIII SPE LL,1025000,True,828480
INSPIRED LIFE INVESTMENTS LLC,CONVENTUS LLC,854000,True,925900
TLP 1 LLC,CENTER STREET LNDG VIII SPE LL,1700000,True,1360000
11840 STANWOOD DR LLC,CV3 FINANCIAL SERVICES LLC,1960000,True,2069164
316 CATALINA HOLDINGS LLC,ACG FUNDING INC,1650000,True,1237000
WRT INVESTMENTS INC,ANCHOR LOANS LP,560000,True,594000
3100 BOCA CHICA MANAGEMENT LLC,LONE OAK FUND LLC,1550000,True,930000
JIK INVESTMENTS LLC,CHURCHILL FUNDING I LLC,1525000,True,1143750
IDCS DESIGN & CONSTRUCTION LLC,KIAVI FUNDING INC,625000,True,749400
LUX MANAGEMENT II LLC,HAROONIAN DAVID,500000,True,250000
OCEAN DEVELOPMENT INC,MCCABE ROBERT,600000,True,997000
DOLORES REAMPLIFIED LLC,KIAVI FUNDING INC,1100000,True,1238900
FSPROPERTYINVESTMENTS LLC,KIAVI FUNDING INC,550000,True,615100
KB PREMIUM HOMES LLC,CONVENTUS LLC,1725000,True,1397000
SAN INVESTMENT GROUP-5 LLC,BMO BANK NA,2500000,True,1500000
CASH ALL DAY BABY CORP,CENTER STREET LNDG VIII SPE LL,795000,True,766157
SLOAN CREST PROPERTIES LLC,JPMORGAN CHASE BANK NA,4325000,True,3460000
SFC CALI HOME LLC,ORCHARD FUNDING,890000,True,864270
GRE INVESMENT LLC,CENTER STREET LNDG VIII SPE LL,550000,True,525725
CONTEMPORARY FRESH REMODELING LLC,KIAVI FUNDING INC,513000,True,163000
GOLDEN POWER INVESTMENT LLC,ANCHOR LOANS LP,610000,True,645000
IVANHOE MOUNTAIN LLC,CV3 FINANCIAL SERVICES LLC,1925000,True,2257500
3181 CARLYLE LLC,KIAVI FUNDING INC,690000,True,772700
PREMIER REALTY & ESTATES INC,EASY STREET CAPITAL CA LLC,410000,True,307500
EWA CAPITAL LLC,CENTER STREET LNDG VIII SPE LL,950000,True,1057500
NELA VALUE FUND I INC,RWA CREDIT SPV I LLC,1800000,True,1998000
TEAM DOUGLAS REI LLC,PIASKY SOLUTIONS TRUST,850000,True,100000
PARADA CAPITAL LLC,MACOY CAPITAL MORTGAGE LLC,750000,True,962500
L & A FINANCIAL GROUP LLC,VONTIVE INC,900000,True,920701
PROVIDENT INVESTMENTS LLC,CENTER STREET LNDG VIII SPE LL,585000,True,525000
SKY LIVING INVESTMENTS LLC,KIAVI FUNDING INC,527000,True,537700
2 INFINITY GROUP LLC,CENTER STREET LNDG VIII SPE LL,1102000,True,1064200
OCEAN DEVELOPMENT INC,KRALN CO LLC,635000,True,800000
AMI CAPITAL LLC,QUANTA FINANCE INC,925000,True,1132900
BLORT GROUP LLC,CENTER STREET LNDG VIII SPE LL,1725000,True,1721250
TULE RIVER HOMEBUYER EARNED EQUITY AGENCY,GEO-CORP INC,775000,True,760962
DLUCKY INC,MADISON CORP ADVISORY GROUP IN,550000,True,200000
GREENVILLAGE LLC,MYF PARTNERS HIP LLC,1875000,True,700000
ZOOR LLC,MIDFIRST BANK,2550000,True,1657500
HAUSER 26 LLC,BARZIV AND FAMILY TRUST,1200000,True,720000
OCEAN DEVELOPMENT INC,GLADIEUX KEITH,625000,True,550000
BC PROPERTY INVESTMENTS LLC,EASY STREET CAPITAL CA LLC,750000,True,747675
THINK UP PROPERTY A INC,TEMPIO,950000,True,1080000
DRH RE GROUP LLC,ANCHOR LOANS LP,460000,True,507800
RAW ELEVATION LLC,RAPHAEL P & JANE C YEUNG LIVIN,970000,True,900000
BOEING 555 LLC,SPREO CAPITAL MANAGER LLC,1472500,True,1104000
REMERCILE PROPRIETE LLC,EASY STREET CAPITAL CA LLC,1500000,True,1484000
AMI CAPITAL LLC,QUANTA FINANCE INC,1295000,True,1358900
PLUS VALUE INVESTMENTS LLC,PERLSTEIN RONALD,490000,True,440000
